Date,Open,High,Low,Close,Adj Close,Volume,EMA_12,EMA_26,MACD,MACD_Signal,MACD_Hist,RSI,Upper_BB,Middle_BB,Lower_BB
2023-02-21,150.1999969482422,151.3000030517578,148.41000366210938,148.47999572753906,147.32110595703125,58867200,150.98566140488077,145.3423296411661,5.625717703654203,7.057919197199924,-1.4322014935457208,56.8193376531826,158.41697715675204,149.48099899291992,140.5450208290878
2023-02-22,148.8699951171875,149.9499969482422,147.16000366210938,148.91000366210938,147.74774169921875,51011300,150.6663294444544,145.6066017908656,5.044823448922244,6.655300047544388,-1.610476598622144,57.5186117952327,158.157426320861,149.79999923706055,141.4425721532601
2023-02-23,150.08999633789062,150.33999633789062,147.24000549316406,149.39999389648438,148.23391723632812,48394200,150.47150859092054,145.8875937986892,4.571303542128874,6.238500746461286,-1.6671972043324121,58.34637592192794,157.7070292923786,150.1769989013672,142.6469685103558
2023-02-24,147.11000061035156,147.19000244140625,145.72000122070312,146.7100067138672,145.56492614746094,55469600,149.89281599445079,145.94851327388758,3.933631662784194,5.777526929725868,-1.843895266941674,52.31916767747595,157.4768687105373,150.3144989013672,143.15212909219707
2023-02-27,147.7100067138672,149.1699981689453,147.4499969482422,147.9199981689453,146.7654571533203,44998500,149.58930555975763,146.09454919204,3.4857270111353955,5.3191669460077735,-1.833439934872378,54.591422253143385,157.3826351865912,150.41399917602538,143.44536316545958
2023-02-28,147.0500030517578,149.0800018310547,146.8300018310547,147.41000366210938,146.2594451904297,50547000,149.25402834473482,146.191990263897,3.0543978560374683,4.866213128013713,-1.8118152719762444,53.43554613821764,156.8937906590983,150.63449935913087,144.37520805916344
2023-03-01,146.8300018310547,147.22999572753906,145.00999450683594,145.30999755859375,144.1758270263672,55479000,148.6472543776362,146.12665747091157,2.514132101124318,4.395796922635833,-1.8816648215115155,48.8490334666086,156.75079724998454,150.6854995727539,144.62020189552328
2023-03-02,144.3800048828125,146.7100067138672,143.89999389648438,145.91000366210938,144.7711639404297,52238100,148.22613888293975,146.11060904062992,2.1100596221864976,3.9386494625459663,-1.8285898403594687,50.165182331400345,156.69469297590808,150.70950012207032,144.72430726823256
2023-03-03,148.0399932861328,151.11000061035156,147.3300018310547,151.02999877929688,149.85118103027344,70732300,148.65750194391777,146.47500828053117,2.17786501558993,3.586492573154759,-1.408627557564829,59.695427090961836,156.70666771994755,150.71999969482422,144.7333316697009
2023-03-06,153.7899932861328,156.3000030517578,153.4600067138672,153.8300018310547,152.62933349609375,87558000,149.45327115732346,147.019822617607,2.4295319915808022,3.355100456839968,-0.9255684652591656,63.775325202449196,156.59517537940388,150.68649978637694,144.77782419335
2023-03-07,153.6999969482422,154.02999877929688,151.1300048828125,151.60000610351562,150.41676330566406,56182000,149.78353807212224,147.35909546841503,2.421128601438568,3.1683060857596876,-0.7471774843211199,58.680610952612156,156.58435465540248,150.68000030517578,144.77564595494908
2023-03-08,152.80999755859375,153.47000122070312,151.8300018310547,152.8699951171875,151.67681884765625,47204800,150.25837761751689,147.76731025721298,2.4882632045381285,3.032297509515376,-0.5440343049772474,60.61048259653338,156.30385971760495,150.59100036621095,144.87814101481695
2023-03-09,153.55999755859375,154.5399932861328,150.22999572753906,150.58999633789062,149.4146270751953,53833600,150.30939588218976,147.97639811504095,2.3306250199623832,2.891963011604777,-0.561337991642394,55.59058230826538,156.20480185906268,150.5245002746582,144.84419869025373
2023-03-10,150.2100067138672,150.94000244140625,147.61000061035156,148.5,147.34092712402344,68572400,150.0310272849298,148.01518343985273,2.0138361359193198,2.716337636467686,-0.7025015005483661,51.3889979100825,156.15104222938766,150.40600051879883,144.66095880821
2023-03-13,147.80999755859375,153.13999938964844,147.6999969482422,150.47000122070312,149.29556274414062,84457100,150.09856173658721,148.1970217939898,1.89984111177165,2.553038331528479,-0.6531972197568288,54.852764984528335,156.11750639159854,150.37900085449218,144.6404953173858
2023-03-14,151.27999877929688,153.39999389648438,150.10000610351562,152.58999633789062,151.3990020751953,73695900,150.48185936755698,148.5224273157602,1.9579945795595677,2.4340295811346966,-0.4760350015751289,58.29657275647476,155.9269445176929,150.31600036621094,144.70505621472898
2023-03-15,151.19000244140625,153.25,149.9199981689453,152.99000549316406,151.7958984375,77167900,150.86772800226575,148.85335903260494,2.013152646998577,2.349854194307473,-0.3367015473088957,58.93310349663285,155.8955657960924,150.30550079345704,144.7154357908217
2023-03-16,152.16000366210938,156.4600067138672,151.63999938964844,155.85000610351562,154.6335906982422,76161100,151.63423232553495,149.37162918600572,2.2615739434304203,2.3321981441320623,-0.07062420070164199,63.25190588066921,156.01879459723042,150.33150100708008,144.64420741692973
2023-03-17,156.0800018310547,156.74000549316406,154.27999877929688,155.0,153.7902069091797,98944600,152.15204273699112,149.7885455425979,2.3626263361557562,2.3382837825368012,0.024342553618954987,61.19218665330646,156.26155980594496,150.39600067138673,144.5304415368285
2023-03-20,155.07000732421875,157.82000732421875,154.14999389648438,157.39999389648438,156.17144775390625,73641400,152.95941983845162,150.35235653177466,2.606326426629863,2.391892311355414,0.21443411527444933,64.68859524299788,157.19996337495942,150.63850021362305,144.07703705228667
2023-03-21,157.32000732421875,159.39999389648438,156.5399932861328,159.27999877929688,158.03680419921875,73938300,153.93181659858166,151.01366336492444,2.91752971977121,2.497019793038573,0.4205099267326369,67.1828317563552,158.6544397270689,151.17850036621093,143.70256100535295
2023-03-22,159.3000030517578,162.13999938964844,157.80999755859375,157.8300018310547,156.59811401367188,75701800,154.53153740357752,151.51857732537854,3.0124324895261907,2.6001023323360966,0.41233015719009414,63.45965917845543,159.55628976643982,151.6245002746582,143.6927107828766
2023-03-23,158.8300018310547,161.5500030517578,157.67999267578125,158.92999267578125,157.6895294189453,67622100,155.2082228300704,152.067571055038,3.1402053538477332,2.708122936638424,0.4320824172093092,65.0423767538308,160.56796152768717,152.10100021362305,143.63403889955893
2023-03-24,158.86000061035156,160.33999633789062,157.85000610351562,160.25,158.99923706054688,59196500,155.98388085621343,152.67367690281296,3.309826212398036,2.8284635917903467,0.48136262060768953,66.89544146539433,161.57145181859437,152.7779998779297,143.984547937265
2023-03-27,159.94000244140625,160.77000427246094,157.8699951171875,158.27999877929688,157.0446014404297,52390300,156.33712976745704,153.08896000477472,3.2478501356802667,2.9123409005683305,0.3355092351119362,61.64360098223484,162.10428368949803,153.29599990844727,144.4877161273965
2023-03-28,157.97000122070312,158.49000549316406,155.97999572753906,157.64999389648438,156.41949462890625,45992200,156.53910886423049,153.42681436712357,3.1120240434897823,2.952277529152621,0.15974651433716147,60.020750432272905,162.37536491573786,153.80799942016603,145.2406339245942
2023-03-29,159.3699951171875,161.0500030517578,159.35000610351562,160.77000427246094,159.5151824951172,51305700,157.1900158501121,153.97075436011153,3.2190326446322217,3.005628552248541,0.21340409238368085,64.94298461329043,162.7210445127146,154.58099975585938,146.44095499900416
2023-03-30,161.52999877929688,162.47000122070312,161.27000427246094,162.36000061035156,161.09275817871094,49501700,157.98539812091818,154.59218000827747,3.393024474252087,3.08310773664925,0.3099167376028369,67.16185062222158,163.18936120330747,155.40349960327148,147.6176380032355
2023-03-31,162.44000244140625,165.0,161.91000366210938,164.89999389648438,163.6129150390625,68749800,159.0491820863899,155.35572177777428,3.6932964607483143,3.2051454814690628,0.48815097927925155,70.38639625160508,164.63556200691727,156.09699935913085,147.55843671134443
2023-04-03,164.27000427246094,166.2899932861328,164.22000122070312,166.1699981689453,164.87301635742188,56976200,160.1446922529369,156.1567792882314,3.987774324202377,3.3616712500157258,0.6261030741866511,71.87357016525013,166.235002402577,156.7139991760254,147.19299594947378
2023-04-04,166.60000610351562,166.83999633789062,165.11000061035156,165.6300048828125,164.3372344970703,46278300,160.98858650368697,156.85849970264482,4.129969489847213,3.515330897982023,0.6146385918651895,70.25796975277264,167.38292307036082,157.41549911499024,147.44807515961966
2023-04-05,164.74000549316406,165.0500030517578,161.8000030517578,163.75999450683594,162.48184204101562,51511700,161.4149569657099,157.3697215399923,4.045136162398791,3.6212919508653765,0.42384421153341423,64.8237265513018,168.06355402694965,157.95999908447266,147.85644414199567
2023-04-06,162.42999267578125,164.9600067138672,162.0,164.66000366210938,163.37481689453125,45390100,161.91419491900214,157.9097424379269,4.0043684890362385,3.6979072584995487,0.30646123053668983,66.17957194297765,168.5739381688117,158.6634994506836,148.75306073255547
2023-04-10,161.4199981689453,162.02999877929688,160.0800018310547,162.02999877929688,160.7653350830078,47716900,161.93201089750903,158.2149466113617,3.716993215960457,3.7017244499917306,0.015268765968726505,59.02048810463406,168.17139261185287,159.33999938964843,150.508606167444
2023-04-11,162.35000610351562,162.36000061035156,160.50999450683594,160.8000030517578,159.544921875,47644200,161.75785584431654,158.40643227361326,3.351363434391317,3.631652246871648,-0.2802888124803311,55.97099101901453,167.70617243630838,159.85649948120118,152.006826526094
2023-04-12,161.22000122070312,162.05999755859375,159.77999877929688,160.10000610351562,158.85040283203125,50133100,161.50280203803948,158.53188218693936,2.9708689665284567,3.4994955908030096,-0.528626624274553,54.25297882676434,167.33867349118168,160.23199996948242,153.12532644778315
2023-04-13,161.6300048828125,165.8000030517578,161.4199981689453,165.55999755859375,164.2677764892578,68445600,162.1269859642786,159.05248332558043,3.074459582522138,3.414488389146835,-0.34002880662469703,63.630380211574455,167.5022596107028,160.8604995727539,154.218739534805
2023-04-14,164.58999633789062,166.32000732421875,163.82000732421875,165.2100067138672,163.92051696777344,49386500,162.60129684883069,159.50859616915722,3.0926642475245103,3.3501235608223703,-0.25745931329786,62.74254730705658,167.80920279046302,161.3284996032715,154.84779641607997
2023-04-17,165.08999633789062,165.38999938964844,164.02999877929688,165.22999572753906,163.94033813476562,41516200,163.00571206093966,159.93240354385216,3.0732776898845486,3.294754386634806,-0.2214766967502575,62.7744940576958,167.8389441827323,161.83999938964843,155.84105459656456
2023-04-18,166.10000610351562,167.41000366210938,165.64999389648438,166.47000122070312,165.17066955566406,49923000,163.5386796239802,160.41667003843372,3.121983500990126,3.26020020950587,-0.1382167085157442,64.79137176376824,168.2524713061412,162.2934997558594,156.33452820557758
2023-04-19,165.8000030517578,168.16000366210938,165.5399932861328,167.6300048828125,166.32164001464844,47720200,164.16811427918515,160.95099113801734,3.2171010696201563,3.2515803815287274,-0.03447931190857112,66.61370428935116,168.9312521206099,162.71100006103515,156.4907480014604
2023-04-20,166.08999633789062,167.8699951171875,165.55999755859375,166.64999389648438,165.3492431640625,52456400,164.5499419126158,161.37313949049638,3.1767837461944737,3.2366210544618768,-0.05983730826740308,63.61789551945004,169.17295630152316,163.15199966430663,157.1310430270901
2023-04-21,165.0500030517578,166.4499969482422,164.49000549316406,165.02000427246094,163.7320098876953,58337300,164.6222591987458,161.64327762249377,2.978965773546321,3.1850899982787655,-0.20612422473244463,58.87523806625672,169.2022687789616,163.4565002441406,157.71073170931962
2023-04-24,165.0,165.60000610351562,163.88999938964844,165.3300018310547,164.03955078125,41949600,164.7311426806395,161.9163683046094,2.814761004509876,3.1110241995249877,-0.2962631950151118,59.49371427556631,169.31420132216738,163.71050033569335,158.10679934921933
2023-04-25,165.19000244140625,166.30999755859375,163.72999572753906,163.77000427246094,162.49176025390625,48714100,164.5832752332274,162.0536746725984,2.5295892462657434,2.994737208873139,-0.46514796260739555,55.01025157408493,169.00522987359625,163.98500061035156,158.96477134710688
2023-04-26,163.05999755859375,165.27999877929688,162.8000030517578,163.75999450683594,162.48184204101562,45498800,164.4566166599364,162.18006873439376,2.276538351850661,2.8510974374686433,-0.5745590856179823,54.981620035704005,168.39087188227262,164.29050064086914,160.19012939946566
2023-04-27,165.19000244140625,168.55999755859375,165.19000244140625,168.41000366210938,167.09555053710938,64902300,165.0648300448861,162.64154539570603,2.4232765483637593,2.7655332596476665,-0.3422567112839072,64.28203527233347,168.81310811445005,164.67250061035156,160.53189310625308
2023-04-28,168.49000549316406,169.85000610351562,167.8800048828125,169.67999267578125,168.35562133789062,55209200,165.77485506502381,163.1629118608968,2.611936349590138,2.734813877636161,-0.12287752804602281,66.32806256137913,169.5721821358221,165.03850021362305,160.50481829142402
2023-05-01,169.27999877929688,170.4499969482422,168.63999938964844,169.58999633789062,168.2663116455078,52472900,166.3617998762341,163.63899219252596,2.722801883715391,2.732411478852007,-0.009609595136615745,66.03936893935754,170.2200901000461,165.27300033569335,160.32591057134061
2023-05-02,170.08999633789062,170.35000610351562,167.5399932861328,168.5399932861328,167.22450256347656,48425700,166.69690655468006,164.00202931057092,2.694872336422975,2.7249036503662003,-0.030031313943225335,62.61508881115204,170.52874214669072,165.39150009155273,160.25425803641474
2023-05-03,169.5,170.9199981689453,167.16000366210938,167.4499969482422,166.14303588867188,65136000,166.81276661522807,164.2574343207688,2.555328141801766,2.6909885486533134,-0.13566040685154723,59.18431446926271,170.6973091042471,165.4824996948242,160.26769028540133
2023-05-04,164.88999938964844,167.0399932861328,164.30999755859375,165.7899932861328,164.49598693847656,81235400,166.65541687229035,164.37095720709206,2.284456151411149,2.6096820692048803,-0.32522591779373133,54.304352031239745,170.7394369443741,165.58399963378906,160.42856232320403
2023-05-05,170.97999572753906,174.3000030517578,170.75999450683594,173.57000732421875,172.2152862548828,113316400,167.71920001874088,165.05236832687922,2.6668287186571433,2.6211113990953328,0.04571731956181058,67.73282916302551,172.22378446211013,166.02949981689454,159.83521517167895
2023-05-08,172.47999572753906,173.85000610351562,172.11000061035156,173.5,172.1457977294922,55962800,168.60855386201152,165.67811882118446,2.9304325250386114,2.6829756242839884,0.247456900754623,67.54049168236713,173.3123982021584,166.60299987792968,159.89360155370096
2023-05-09,173.0500030517578,173.5399932861328,171.60000610351562,171.77000427246094,170.4293212890625,45326900,169.0949308482345,166.1293695953531,2.965559124137343,2.7394923242546594,0.22606679988268352,62.795052923987804,173.6643525440109,167.15149993896483,160.63864733391875
2023-05-10,173.02000427246094,174.02999877929688,171.89999389648438,173.55999755859375,172.20533752441406,53724500,169.78186418828977,166.67978648151907,3.1020759055257088,2.8120090405088694,0.2900668650168394,65.49632635690338,174.05944864071677,167.82449951171876,161.58955038272074
2023-05-11,173.85000610351562,174.58999633789062,172.1699981689453,173.75,172.39385986328125,49514700,170.39234662086056,167.20350600140654,3.188839095323658,2.8873750514718273,0.3014640438518308,65.78033792872476,174.88234879952032,168.23399963378907,161.58565046805782
2023-05-12,173.6199951171875,174.05999755859375,171.0,172.57000732421875,171.4599151611328,45497800,170.72737134445413,167.60102461791115,3.126345436894212,2.9351691285563044,0.19117630833790766,62.347940080519635,175.3540464978209,168.60199966430665,161.8499528307924
2023-05-15,173.16000366210938,173.2100067138672,171.47000122070312,172.07000732421875,170.96311950683594,37266700,170.93393072595637,167.93206037393392,3.0018692607812056,2.9485091550012847,0.0533601057799209,60.89790258659501,175.67108075291114,168.94400024414062,162.2169197353701
2023-05-16,171.99000549316406,173.13999938964844,171.8000030517578,172.07000732421875,170.96311950683594,42110300,171.10871174107365,168.2385749628439,2.8701358548717906,2.9328344949753857,-0.06269864010359516,60.89790258659501,175.98197815413693,169.2240005493164,162.46602294449588
2023-05-17,171.7100067138672,172.92999267578125,170.4199981689453,172.69000244140625,171.5791473388672,57951600,171.3519872334325,168.5683103316263,2.7836761205033156,2.903002820080972,-0.11932669957765629,62.16338758303952,176.3551320733067,169.47700042724608,162.59886878118547
2023-05-18,173.0,175.24000549316406,172.5800018310547,175.0500030517578,173.92396545410156,65496700,171.9209127439441,169.0484357183027,2.8724763645389544,2.8968975289725685,-0.024421164433614084,66.59513677849921,177.05356234062683,169.89700088500976,162.7404394293927
2023-05-19,176.38999938964844,176.38999938964844,174.94000244140625,175.16000366210938,174.0332489013672,55772400,172.41923442366183,169.50114445488097,2.918089409386482,2.901135905055351,0.016953504331131075,66.79038828306821,177.54339833932227,170.40400085449218,163.2646033696621
2023-05-22,173.97999572753906,174.7100067138672,173.4499969482422,174.1999969482422,173.07940673828125,43570900,172.6931978889819,169.84920760253735,2.8439898131108237,2.889706686666446,-0.04571687355562215,63.31233006591963,177.76971502218294,170.84750061035157,163.9252861985202
2023-05-23,173.1300048828125,173.3800048828125,171.27999877929688,171.55999755859375,170.45640563964844,50747300,172.5188593766145,169.97593278446746,2.5429261916338817,2.820350587659933,-0.2774243960260514,54.85297413493997,177.35202700453158,171.23700027465821,165.12197354478485
2023-05-24,171.08999633789062,172.4199981689453,170.52000427246094,171.83999633789062,170.73460388183594,45143500,172.41441890911852,170.11401156620252,2.3004070040202578,2.716361870931998,-0.41595486691174033,55.53161091479123,176.70383409953033,171.64100036621093,166.57816663289154
2023-05-25,172.41000366210938,173.89999389648438,171.69000244140625,172.99000549316406,171.87721252441406,56058300,172.5029706912794,170.32704815338485,2.1759222511365977,2.608273946972918,-0.43235169583632027,58.30387014011988,176.73812291612902,171.87000045776367,167.00187799939832
2023-05-26,173.32000732421875,175.77000427246094,173.11000061035156,175.42999267578125,174.30149841308594,54835000,172.95328176581813,170.70504404393273,2.248237479244068,2.536266653427148,-0.28802917418307983,63.502789103494294,177.15184459599593,172.15750045776366,167.1631563195314
2023-05-30,176.9600067138672,178.99000549316406,176.57000732421875,177.3000030517578,176.1594696044922,55964400,173.62200811750117,171.19355952599383,2.4284483861954413,2.5147029999808064,-0.08625461378536503,66.90826630234231,177.86462483509425,172.54300079345703,167.2213767518198
2023-05-31,177.3300018310547,179.35000610351562,176.75999450683594,177.25,176.10980224609375,99625300,174.1801607148087,171.64218474629058,2.537975794792658,2.5193575589431765,0.0186182358494813,66.72897059052228,178.34388972237375,172.9785011291504,167.61311253592706
2023-06-01,177.6999969482422,180.1199951171875,176.92999267578125,180.08999633789062,178.9315185546875,68901800,175.08936619528285,172.26794856789058,2.821417480393791,2.5797695432332994,0.24164793716049138,71.41434430793969,179.19543619545456,173.61050109863282,168.0255660018111
2023-06-02,181.02999877929688,181.77999877929688,179.25999450683594,180.9499969482422,179.78599548339844,61945900,175.99100169573813,172.91106326273143,3.079938308623383,2.679803296311316,0.40013501231206705,72.66948242262593,179.60632662262125,174.36850128173828,169.1306759408553
2023-06-05,182.6300048828125,184.9499969482422,178.0399932861328,179.5800018310547,178.4248046875,121946500,176.5431555627099,173.40505871223687,3.1380967452256243,2.771461986094178,0.3666347591314465,67.57898777459492,180.3591717459,174.66900100708008,168.97883026826017
2023-06-06,179.97000122070312,180.1199951171875,177.42999267578125,179.2100067138672,178.0572052001953,64848400,176.95344035519562,173.83505486050578,3.1183854056343705,2.8408466700022164,0.27753873563215414,66.22964586988928,180.9463988022712,174.95450134277343,168.96260388327565
2023-06-07,178.44000244140625,181.2100067138672,177.32000732421875,177.82000732421875,176.67613220214844,61944600,177.08675835042996,174.13023652448453,2.956521750590781,2.863981686119929,0.09254006447085183,61.27938565808285,181.18581506838171,175.25700149536132,169.32818792234093
2023-06-08,177.89999389648438,180.83999633789065,177.4600067138672,180.57000732421875,179.408447265625,50214900,177.62264280793593,174.6072565837241,3.0153861604501913,2.8942625809859814,0.12112357946420982,66.59855290591294,181.91060199313785,175.60750198364258,169.3044019741473
2023-06-09,181.5,182.22999572753903,180.6300048828125,180.9600067138672,179.79592895507812,48870700,178.13608340884844,175.0778306674384,3.058252687457866,2.9270606022803585,0.1311920851775077,67.28493370843978,182.61999648763822,175.96800231933594,169.31600815103366
2023-06-12,181.2700042724609,183.88999938964844,180.97000122070312,183.7899932861328,182.60772705078125,54274900,179.0059156976614,175.72317604660094,3.2827396054086364,2.998196402906014,0.28454320250262244,71.81157236360255,183.80344868266113,176.52900161743165,169.25455455220217
2023-06-13,182.8000030517578,184.1499938964844,182.44000244140625,183.30999755859372,182.13079833984372,54929100,179.66808213780484,176.28516282526707,3.3829192739092946,3.07514097710667,0.3077782968026246,70.04138025991462,184.6324904694313,177.09100112915038,169.54951178886947
2023-06-14,183.3699951171875,184.38999938964844,182.0200042724609,183.9499969482422,182.7666931152344,57462900,180.3268382624875,176.8529283158578,3.4739099139440555,3.154894764474147,0.3190151494699083,71.06554117653342,185.4199737134946,177.68500061035155,169.9500275072085
2023-06-15,183.9600067138672,186.5200042724609,183.77999877929688,186.00999450683597,184.8134613037109,65433200,181.20116999238726,177.53122951518952,3.669940449540661,3.25790390148745,0.4120365480532113,74.13101502659238,186.53187366050219,178.35100021362305,170.17012676674392
2023-06-16,186.72999572753903,186.9900054931641,184.2700042724609,184.9199981689453,183.73046875,101235600,181.77329740416542,178.07854571176404,3.6947516689992312,3.345273454989806,0.34947821400942525,69.91047960187866,187.35352768671237,178.84449996948243,170.3354722522525
2023-06-20,184.41000366210935,186.1000061035156,184.41000366210935,185.00999450683597,183.8198699951172,49799100,182.27125080457628,178.59198636325084,3.6792644215236123,3.412071648296567,0.26719277322704515,70.0620360249339,188.07318240050944,179.33699951171874,170.60081662292805
2023-06-21,184.8999938964844,185.41000366210935,182.58999633789065,183.9600067138672,182.7766265869141,49515700,182.53105940600565,178.98961750033354,3.5414418889167223,3.437945696420598,0.10349619249612418,65.89203557967606,188.44851399436203,179.825,171.20148600563795
2023-06-22,183.7400054931641,187.0500030517578,183.6699981689453,187.0,185.79708862304688,51245300,183.21858872815864,179.5829791669755,3.6356095470054868,3.4774784665375758,0.15813108046791102,71.23093928713644,188.88042506503623,180.5970001220703,172.3135751791044
2023-06-23,185.5500030517578,187.55999755859372,185.00999450683597,186.67999267578125,185.47911071777344,53079300,183.75111241240828,180.10868387133146,3.6424285290803198,3.5104684790461245,0.1319600500341953,69.98900649972933,188.9859869599512,181.33899993896483,173.69201291797847
2023-06-26,186.8300018310547,188.0500030517578,185.22999572753903,185.2700042724609,184.0782012939453,48088700,183.9847880831856,180.49100390104476,3.4937841719899723,3.507131617634894,-0.013347445644921851,64.64116073414392,188.74401189100428,181.9529998779297,175.16198786485512
2023-06-27,185.88999938964844,188.38999938964844,185.6699981689453,188.05999755859372,186.85025024414065,50730800,184.61174338709455,181.05167009790023,3.56007328060511,3.5177199502289374,0.042353330376172504,69.59229779563995,189.17781745637188,182.58450012207032,175.99118278776876
2023-06-28,187.92999267578125,189.8999938964844,187.6000061035156,189.25,188.0325927734375,51216800,185.32532132754153,181.65895379435207,3.666367525921686,3.547449465367487,0.11891806055419885,71.42988641974777,189.9158254103053,183.18199996948243,176.44817452865956
2023-06-29,189.0800018310547,190.07000732421875,188.94000244140625,189.58999633789065,188.3704071044922,46347300,185.98142517528754,182.24643842720678,3.734986741931124,3.5849569206802143,0.15002982125090947,71.95142514385594,190.5069360364615,183.79899978637695,177.0910635362924
2023-06-30,191.6300048828125,194.47999572753903,191.25999450683597,193.97000122070312,192.7222595214844,85069600,187.21043687458226,183.11485048598428,4.095586383394419,3.6870828132230553,0.40850357017136396,77.619435847821,192.3037859128066,184.49300003051758,176.68221414822855
2023-07-03,193.77999877929688,193.8800048828125,191.75999450683597,192.4600067138672,191.22195434570312,31458200,188.01806300370302,183.80708428064227,4.210978718657742,3.7918619943099925,0.4191167243477496,72.20245520241726,193.42718688576,185.06850051879883,176.70981415183766
2023-07-05,191.57000732421875,192.97999572753903,190.6199951171875,191.3300018310547,190.09922790527344,46920300,188.52759205406483,184.36433743252468,4.163254617814516,3.866140519010897,0.29711409880361916,68.35774034311989,194.04072287251134,185.65600051879883,177.27127816508633
2023-07-06,189.83999633789065,192.0200042724609,189.1999969482422,191.80999755859372,190.5761260986328,45094300,189.03257751630005,184.9158678122335,4.116709700914072,3.916254355391532,0.20045534552253974,69.11017595142344,194.53100703146652,186.28600006103517,178.04099309060382
2023-07-07,191.41000366210935,192.6699981689453,190.2400054931641,190.67999267578125,189.45339965820312,46778000,189.2860260023741,185.34284002434813,3.9431859753584604,3.9216406793849177,0.02154529597354271,65.1805816673409,194.4024975272988,186.9289993286133,179.45550112992777
2023-07-10,189.25999450683597,189.9900054931641,187.0399932861328,188.6100006103516,187.396728515625,59922200,189.18202209590908,185.58485191960764,3.5971701740443223,3.8567465783167987,-0.2595764042724764,58.60664359279354,194.236399604386,187.33099899291992,180.42559838145382
2023-07-11,189.16000366210935,189.3000030517578,186.6000061035156,188.0800018310547,186.87014770507807,46638100,189.01248051670072,185.7696778389741,3.2428026758167334,3.7339577978167857,-0.4911551220000523,57.02090230395023,193.9457451748989,187.6869987487793,181.42825232265972
2023-07-12,189.67999267578125,191.6999969482422,188.47000122070312,189.7700042724609,188.54925537109372,60750200,189.12902263297153,186.06599831552867,3.0630243158267945,3.5997711014187876,-0.5367467855919932,60.674778343821124,194.03949032391583,187.9859992980957,181.93250827227556
2023-07-13,190.5,191.19000244140625,189.77999877929688,190.5399932861328,189.3142852783203,41342300,189.3460950411502,186.39740535038823,2.948689689394513,3.4695548190139327,-0.5208651296194198,62.249490615742864,194.09672545174186,188.34749908447264,182.59827271720343
2023-07-14,190.22999572753903,191.17999267578125,189.6300048828125,190.69000244140625,189.46334838867188,41573900,189.55285002580496,186.71537550527844,2.8374745193694366,3.3431387590850337,-0.505664239715597,62.56400271698011,194.14610960423823,188.68449935913085,183.22288911402347
2023-07-17,191.8999938964844,194.32000732421875,191.80999755859372,193.9900054931641,192.7421112060547,50520200,190.23548932847558,187.25423698586258,2.9812523416339616,3.2707614755948193,-0.28950913396085776,68.73498672314042,194.86203471778128,189.08349990844727,183.30496509911325
2023-07-18,193.3500061035156,194.3300018310547,192.4199981689453,193.72999572753903,192.48377990722656,48353800,190.77310569756227,187.73392281857934,3.0391828781544916,3.224445756106754,-0.18526287795226226,67.78685107539953,195.30900966582192,189.52399978637695,183.73898990693198
2023-07-19,193.1000061035156,198.22999572753903,192.6499938964844,195.1000061035156,193.844970703125,80507300,191.43878268309356,188.27955861746352,3.159224064929049,3.2114014178712127,-0.05217735294216386,70.12523591452364,195.90994377085755,190.02850036621095,184.14705696156435
2023-07-20,195.08999633789065,196.47000122070312,192.5,193.1300048828125,191.8876495361328,59581200,191.69897071381956,188.63885093341528,3.0601197798111173,3.181145090259194,-0.12102531044807652,63.038943719162745,195.80762344017668,190.48700027465821,185.16637710913975
2023-07-21,194.1000061035156,194.97000122070312,191.22999572753903,191.94000244140625,190.705322265625,71917800,191.73605251806367,188.88338067474794,2.852671842813834,3.115450440770122,-0.262778597956288,59.150555751166735,195.83844977981494,190.7340003967285,185.62955101364207
2023-07-24,193.41000366210935,194.91000366210935,192.25,192.75,191.5100860595703,45377800,191.89204443836158,189.1697969210629,2.7222475168739777,3.036809855990893,-0.31456233911691545,60.91765840957572,195.85546804957343,191.03750076293946,186.2195334763055
2023-07-25,193.3300018310547,194.44000244140625,192.9199981689453,193.6199951171875,192.3744964599609,37283200,192.1578830043348,189.49944123188695,2.65844177208848,2.9611362392104104,-0.30269446712193027,62.78004264865656,195.60188317890314,191.4550003051758,187.30811743144844
2023-07-26,193.6699981689453,195.63999938964844,193.32000732421875,194.5,193.24884033203125,47471900,192.5182086959756,189.86985299248792,2.648355703183597,2.8985801320050477,-0.2502244288214506,64.61674766085005,195.81817564646195,191.7770004272461,187.73582520803023
2023-07-27,196.0200042724609,197.1999969482422,192.5500030517578,193.22000122070312,191.97706604003903,47460200,192.62617677670292,190.11801212050386,2.508164655941755,2.820497036792389,-0.3123323808506342,59.98033994625208,195.88865676954444,191.97550048828126,188.06234420701807
2023-07-28,194.6699981689453,196.6300048828125,194.13999938964844,195.8300018310547,194.5702667236328,48291400,193.11907293891088,190.54112246943356,2.577950469259605,2.7719877232858323,-0.1940372540262274,65.42763989212209,196.38099871774693,192.28750076293946,188.19400280813198
2023-07-31,196.05999755859372,196.4900054931641,195.25999450683597,196.4499969482422,195.186279296875,38824100,193.6315227865003,190.97881687527124,2.6527059110448477,2.748131360837635,-0.09542544979278755,66.59097294165312,196.83804943737954,192.4115005493164,187.98495166125326
2023-08-01,196.2400054931641,196.72999572753903,195.27999877929688,195.6100006103516,194.3516845703125,35175100,193.93590399016975,191.32186752231422,2.614036467699634,2.721312382210035,-0.10727591451040075,63.47460415157593,197.210198408561,192.56900024414062,187.92780207972024
2023-08-02,195.0399932861328,195.17999267578125,191.8500061035156,192.5800018310547,191.34115600585935,50389300,193.7273036579982,191.415062656295,2.3122410015712944,2.6394981060822866,-0.3272571045109922,53.71030933255134,197.23781071944254,192.63150024414062,188.02518976883871
2023-08-03,191.57000732421875,192.3699951171875,190.69000244140625,191.1699981689453,189.9402618408203,61235200,193.33387204429775,191.39690973130612,1.9369623128800129,2.4989909474418317,-0.5620286345618188,49.866085798642324,197.2369806825303,192.5995002746582,187.9620198667861
2023-08-04,185.5200042724609,187.3800048828125,181.9199981689453,181.9900054931641,180.8193206787109,115799700,191.58866180566181,190.70010200996228,0.8885597956050901,2.1769047170744833,-1.2883449214693932,33.20351983472531,198.6862308440233,192.16500091552734,185.6437709870314
2023-08-07,182.1300048828125,183.1300048828125,177.35000610351562,178.85000610351562,177.69949340820312,97576100,189.62886862071625,189.82231712800328,-0.19344850736695207,1.7028340721861963,-1.8962825795531484,29.564540065192407,200.30857559972497,191.67700119018554,183.0454267806461
2023-08-08,179.69000244140625,180.2700042724609,177.5800018310547,179.8000030517578,178.6433868408203,67823000,188.1167354562611,189.07992349272584,-0.9631880365323582,1.1696296504424852,-2.1328176869748434,31.992975816535612,201.23513387507168,191.26300125122071,181.29086862736975
2023-08-09,180.8699951171875,180.92999267578125,177.00999450683594,178.19000244140625,177.0437469482422,60378500,186.58954576166803,188.27326267410956,-1.6837169124987383,0.5989603378542405,-2.282677250352979,30.098994196235722,202.1660443673979,190.68400115966796,179.20195795193803
2023-08-10,179.47999572753906,180.75,177.60000610351562,177.97000122070312,176.82516479492188,54686900,185.26346198613498,187.51005812200538,-2.2465961359188213,0.029849043099628103,-2.2764451790184497,29.839044230857265,202.80627723691927,190.05550155639648,177.3047258758737
2023-08-11,177.32000732421875,178.6199951171875,176.5500030517578,177.7899932861328,176.88485717773438,51988100,184.11369757075005,186.79005331934815,-2.6763557486390823,-0.511391915248114,-2.1649638333909684,29.61368184666994,203.22810575515314,189.4105010986328,175.59289644211248
2023-08-14,177.97000122070312,179.69000244140625,177.30999755859375,179.4600067138672,178.54637145996094,43675600,183.3977451312296,186.24708690412734,-2.849341772932405,-0.9789818867849722,-1.8703598861474329,34.552283700718085,202.98166129687226,188.68400115966796,174.38634102246365
2023-08-15,178.8800048828125,179.47999572753906,177.0500030517578,177.4499969482422,176.54660034179688,43622600,182.48270694923156,185.5954506110988,-3.1127436618966158,-1.4057342418073009,-1.7070094200893149,31.671885242716336,202.76700963464683,187.87000122070313,172.97299280675944
2023-08-16,177.1300048828125,178.5399932861328,176.5,176.57000732421875,175.67108154296875,46964900,181.57306085307573,184.9268992565151,-3.3538384034642093,-1.7953550741386826,-1.5584833293255267,30.47412173250133,202.22651896243602,186.9435012817383,171.66048360104057
2023-08-17,177.13999938964844,177.50999450683594,173.47999572753906,174.0,173.11415100097656,66062900,180.40797456798717,184.11749931158806,-3.7095247436219267,-2.178189008035331,-1.5313357355865955,27.234741594433164,201.97960364896792,185.98700103759765,169.99439842622738
2023-08-18,172.3000030517578,175.10000610351562,171.9600067138672,174.49000549316406,173.60166931152344,61114200,179.49751778724516,183.40435162133443,-3.9068338341070614,-2.5239179732496773,-1.3829158608573842,28.789020481156015,201.60895027214232,185.11450119018554,168.62005210822875
2023-08-21,175.07000732421875,176.1300048828125,173.74000549316406,175.83999633789062,174.9447784423828,46311900,178.93482217965214,182.844029007746,-3.9092068281088928,-2.80097574422152,-1.1082310838873726,33.03306427329875,200.8446001792024,184.26900100708008,167.69340183495777
2023-08-22,177.05999755859375,177.67999267578125,176.25,177.22999572753906,176.32769775390625,42084200,178.67254118701936,182.42817469069362,-3.755633503686994,-2.991907296114615,-0.763726207572379,37.184229841510245,199.71251023056573,183.44950103759766,167.1864918446296
2023-08-23,178.52000427246094,181.5500030517578,178.3300018310547,181.1199951171875,180.19790649414065,52722800,179.04907256089137,182.33127250006353,-3.282199939182931,-3.049965824728278,-0.23223411445465292,47.07231377869082,198.25169456791875,182.78050079345704,167.30930701899533
2023-08-24,180.6699981689453,181.1000061035156,176.00999450683594,176.3800048828125,175.48202514648438,54945800,178.63844676426385,181.89043786174864,-3.2519910974938853,-3.0903708792813993,-0.16162021821248596,39.01350236794075,196.86896037293386,181.9385009765625,167.00804158019113
2023-08-25,177.3800048828125,179.14999389648438,175.82000732421875,178.61000061035156,177.70068359375,51449600,178.6340704328927,181.6474425097933,-3.0133720769082686,-3.074971118806773,0.0615990418985044,43.88121543698404,194.62646239254826,181.07750091552734,167.5285394385064
2023-08-28,180.08999633789062,180.58999633789065,178.5500030517578,180.19000244140625,179.2726593017578,43820700,178.87344458804864,181.5394839862091,-2.66603939816693,-2.9931847746788045,0.32714537651187436,47.10274873829606,191.83278916833194,180.26450119018554,168.69621321203914
2023-08-29,179.6999969482422,184.8999938964844,179.5,184.1199951171875,183.1826171875,53003900,179.68060620791616,181.73063295887417,-2.0500267509634966,-2.804553169935743,0.7545264189722465,54.15271199909145,189.09112747973978,179.69000091552735,170.28887435131492
2023-08-30,184.94000244140625,187.8500061035156,184.7400054931641,187.6499938964844,186.6946563720703,60813900,180.90666585231128,182.16910413943788,-1.2624382871312605,-2.4961301933748468,1.2336919062435863,59.38837423847543,187.66420631726373,179.44350051879883,171.22279472033392
2023-08-31,187.83999633789065,189.1199951171875,187.47999572753903,187.8699951171875,186.91354370117188,60794500,181.97794727767686,182.59139236001192,-0.6134450823390125,-2.11959317116768,1.5061480888286676,59.69728108582293,186.63853545030122,179.27850036621095,171.91846528212068
2023-09-01,189.4900054931641,189.9199981689453,188.27999877929688,189.4600067138672,188.49546813964844,45732600,183.12903334478307,183.10017860844565,0.02885473633406832,-1.6899035896673305,1.7187583260013988,61.94992507460816,188.18864318347352,179.6520004272461,171.11535767101867
2023-09-05,188.27999877929688,189.97999572753903,187.6100006103516,189.6999969482422,188.73423767089844,45280000,184.13995082223832,183.58905404102316,0.550896781212316,-1.2417435154914012,1.7926402967037172,62.292506522823956,189.77368857668054,180.19449996948242,170.6153113622843
2023-09-06,188.3999938964844,188.8500061035156,181.47000122070312,182.91000366210935,181.9788055419922,81755800,183.95072818221848,183.53875401295548,0.4119741692605885,-0.9109999785410032,1.3229741478015917,48.88266469696564,189.99923830318394,180.35,170.70076169681604
2023-09-07,175.17999267578125,178.2100067138672,173.5399932861328,177.55999755859375,176.65603637695312,112488800,182.96753885550697,183.09588316448423,-0.12834430897927973,-0.7544688446286585,0.6261245356493788,41.33260710169752,189.99979799546063,180.31849975585936,170.6372015162581
2023-09-08,178.35000610351562,180.2400054931641,177.7899932861328,178.17999267578125,177.2728729248047,65551300,182.23099328939531,182.73174312828402,-0.5007498388904139,-0.7037250434810096,0.2029752045905957,42.442086167658616,190.00053736929502,180.3289993286133,170.65746128793157
2023-09-11,180.07000732421875,180.3000030517578,177.33999633789062,179.36000061035156,178.44686889648438,58953100,181.78930210800397,182.481984423252,-0.6926823152494705,-0.7015164978347018,0.008834182585231276,44.589880783651104,190.02064071162093,180.40749969482422,170.79435867802752
2023-09-12,179.49000549316406,180.1300048828125,174.82000732421875,176.3000030517578,175.40245056152344,90370200,180.94479456088916,182.0240598772154,-1.0792653163274508,-0.7770662615332516,-0.3021990547941992,40.38171097223232,190.02228729833143,180.24949951171874,170.47671172510604
2023-09-13,176.50999450683594,177.3000030517578,173.97999572753906,174.2100067138672,173.32308959960938,84267900,179.90867335365502,181.44524112437477,-1.5365677707208079,-0.9289665633707629,-0.607601207350045,37.76048965547933,190.1438441411591,180.0875,170.03115585884092
2023-09-14,174.0,176.10000610351562,173.5800018310547,175.74000549316406,174.84530639648438,60895800,179.26733983665642,181.02263107761843,-1.7552912409629187,-1.0942314988891941,-0.6610597420737245,40.790476770627805,190.16670933059746,180.04599990844727,169.9252904862971
2023-09-15,176.47999572753906,176.5,173.82000732421875,175.00999450683594,174.11900329589844,109205100,178.61236363206865,180.5772505908938,-1.9648869588259288,-1.268362590876541,-0.6965243679493878,39.79501120713868,190.1054958582365,180.09649963378905,170.0875034093416
2023-09-18,176.47999572753906,179.3800048828125,176.1699981689453,177.97000122070312,177.06393432617188,67257600,178.51353864570473,180.38412100791672,-1.8705823622126445,-1.3888065451437617,-0.48177581706888284,45.592913748225776,190.00069702909298,180.270499420166,170.54030181123903
2023-09-19,177.52000427246094,179.6300048828125,177.1300048828125,179.07000732421875,178.15834045410156,51826900,178.59914921162996,180.2867792535687,-1.6876300419393147,-1.4485712445028722,-0.23905879743644243,47.61201101400657,189.96797294244615,180.43199996948243,170.8960269965187
2023-09-20,179.25999450683594,179.6999969482422,175.39999389648438,175.49000549316406,174.59657287597656,58436200,178.12081940878906,179.93146267872393,-1.8106432699353547,-1.5209856495893688,-0.28965762034598597,42.131941334183615,190.02687013921818,180.34500045776366,170.66313077630915
2023-09-21,174.5500030517578,176.3000030517578,173.86000061035156,173.92999267578125,173.0445098876953,63047900,177.47607683448015,179.48690934517262,-2.0108325106928646,-1.618955021810068,-0.3918774888827967,39.972881809276714,190.05187906896882,179.98550033569336,169.9191216024179
2023-09-22,174.6699981689453,177.0800018310547,174.0500030517578,174.7899932861328,173.90011596679688,56725400,177.06283321165748,179.1389896370956,-2.0761564254384552,-1.7103953025357455,-0.3657611229027098,41.74519382934247,190.1092070281446,179.90599975585937,169.70279248357414
2023-09-25,174.1999969482422,176.97000122070312,174.14999389648438,176.0800018310547,175.18356323242188,46172700,176.91162838387243,178.91239794775922,-2.0007695638870757,-1.7684701548060116,-0.23229940908106417,44.397161133461296,190.10583309497883,179.77949981689454,169.45316653881025
2023-09-26,174.82000732421875,175.1999969482422,171.66000366210938,171.9600067138672,171.08453369140625,64588900,176.14984043464085,178.39740600450796,-2.2475655698673336,-1.864289237818276,-0.38327633204905753,38.38672169517866,190.23772968079103,179.36800003051758,168.49827038024412
2023-09-27,172.6199951171875,173.0399932861328,169.0500030517578,170.42999267578125,169.56231689453125,66921800,175.26986385635476,177.8072272394171,-2.537363383062541,-1.998904066867129,-0.5384593161954119,36.4151329863606,189.98563088607736,178.68349990844726,167.38136893081716
2023-09-28,169.33999633789062,172.02999877929688,167.6199951171875,170.69000244140625,169.82101440429688,56294400,174.56526979251652,177.2800254025274,-2.7147556100110535,-2.142074375495914,-0.5726812345151395,37.00724629101904,188.8609866740619,177.83550033569335,166.8100139973248
2023-09-29,172.02000427246094,173.07000732421875,170.33999633789062,171.2100067138672,170.33837890625,51814200,174.04907547272433,176.83039438855258,-2.7813189158284217,-2.2699232835624157,-0.511395632266006,38.245812982776314,187.36720124424735,177.00250091552735,166.63780058680734
2023-10-02,171.22000122070312,174.3000030517578,170.92999267578125,173.75,172.8654327392578,52164500,174.00306386153596,176.60221702643756,-2.599153164901736,-2.33576925983028,-0.26338390507145615,44.03425191829232,184.9369106764253,176.21700057983398,167.49709048324266
2023-10-03,172.25999450683594,173.6300048828125,170.82000732421875,172.39999389648438,171.52230834960938,49594600,173.75643771306648,176.29094123903363,-2.534503525967267,-2.375516113057677,-0.15898741290958984,41.792040939048874,181.64482179979296,175.35200042724608,169.0591790546992
2023-10-04,171.08999633789062,174.2100067138672,170.97000122070312,173.66000366210938,172.77590942382812,53020300,173.7416017052269,176.09605697407628,-2.354455268849449,-2.3713039442160317,0.016848675366582633,44.62613060606759,180.17077525987503,174.8895004272461,169.60822559461718
2023-10-05,173.7899932861328,175.4499969482422,172.67999267578125,174.91000366210938,174.01953125,48527900,173.9213558524396,176.00820117318983,-2.0868453207503137,-2.3144122195228882,0.22756689877257452,47.3641327444951,179.8946473018212,174.7570007324219,169.61935416302256
2023-10-06,173.8000030517578,177.99000549316406,173.17999267578125,177.49000549316406,176.58641052246094,57224100,174.47037887408953,176.11796445615087,-1.6475855820614242,-2.1810468920305954,0.5334613099691712,52.576307424476255,179.7763256366147,174.722501373291,169.66867710996732
2023-10-09,176.80999755859375,179.0500030517578,175.8000030517578,178.99000549316406,178.07875061035156,42390800,175.16570604625485,176.33070823667038,-1.1650021904156063,-1.9778379517075977,0.8128357612919914,55.344930756729084,179.69206829386837,174.70400161743163,169.71593494099488
2023-10-10,178.10000610351562,179.72000122070312,177.9499969482422,178.38999938964844,177.4818115234375,43698000,175.66175117600773,176.48324832207615,-0.8214971460685092,-1.74656979057978,0.9250726445112707,53.98721601645921,180.00898219299955,174.80850143432616,169.60802067565277
2023-10-11,178.1999969482422,179.85000610351562,177.60000610351562,179.8000030517578,178.88461303710938,47551100,176.2984053107385,176.72893385760813,-0.4305285468696809,-1.4833615418377601,1.0528329949680792,56.676889554373524,180.71329217916568,175.0880012512207,169.46271032327573
2023-10-12,180.07000732421875,182.33999633789065,179.0399932861328,180.7100067138672,179.79000854492188,56743100,176.97711321891214,177.02382814325694,-0.04671492434482616,-1.1960322183391734,1.1493172939943472,58.36831414389159,181.47109633399998,175.33650131225585,169.20190629051172
2023-10-13,181.4199981689453,181.92999267578125,178.13999938964844,178.85000610351562,177.939453125,51427100,177.26525058577423,177.15910058475757,0.10615000101662986,-0.9355957744680128,1.0417457754846426,53.74919069110782,181.84779149100888,175.52850189208985,169.20921229317082
2023-10-16,176.75,179.0800018310547,176.50999450683594,178.72000122070312,177.8101348876953,52517000,177.48905837576328,177.27472285408686,0.21433552167638936,-0.7056095152391324,0.9199450369155218,53.430912943927765,181.95135590213397,175.56600189208984,169.18064788204572
2023-10-17,176.64999389648438,178.4199981689453,174.8000030517578,177.14999389648438,176.24810791015625,57549400,177.43689460972038,177.26548367204222,0.1714109376781323,-0.5302054246556794,0.7016163623338117,49.61030119070187,181.69752694431753,175.47000122070312,169.24247549708872
2023-10-18,175.5800018310547,177.5800018310547,175.11000061035156,175.83999633789062,174.9447784423828,54764400,177.1912179525158,177.1598920176606,0.03132593485517532,-0.4178991527535085,0.4492250876086838,46.61513613219612,181.71711960726302,175.48750076293945,169.25788191861588
2023-10-19,176.0399932861328,177.83999633789062,175.19000244140625,175.4600067138672,174.56674194335938,59302900,176.9248777619545,177.03397458774998,-0.10909682579551827,-0.35613868736191046,0.24704186156639218,45.75226209188204,181.75267873968974,175.56400146484376,169.37532418999777
2023-10-20,175.30999755859375,175.4199981689453,172.63999938964844,172.8800048828125,171.9998779296875,64189300,176.3025896267019,176.72627312812497,-0.4236835014231133,-0.369647650174151,-0.05403585124896226,40.29799009376644,181.76009927062358,175.46850204467773,169.17690481873188
2023-10-23,170.91000366210938,174.00999450683594,169.92999267578125,173.0,172.1192626953125,55980100,175.7944989149016,176.45025289641202,-0.6557539815104576,-0.42686891644141234,-0.22888506506904527,40.65235925687217,181.6889231513133,175.314501953125,168.94008075493667
2023-10-24,173.0500030517578,173.6699981689453,171.4499969482422,173.44000244140625,172.5570068359375,43816600,175.43226868821,176.22727138122642,-0.7950026930164427,-0.5004956717564184,-0.29450702126002426,42.011563022536386,181.6385868397394,175.38850173950195,169.1384166392645
2023-10-25,171.8800048828125,173.05999755859375,170.64999389648438,171.10000610351562,170.22894287109375,57157000,174.76576675210316,175.84747395324783,-1.081707201144667,-0.6167379776340681,-0.4649692235105988,37.14000536487134,181.571795181158,175.42200241088867,169.27220964061934
2023-10-26,170.3699951171875,171.3800048828125,165.6699981689453,166.88999938964844,166.04037475585938,70625300,173.55411023480244,175.18395731890712,-1.6298470841046822,-0.819359798928191,-0.8104872851764912,30.326461692489193,182.1425884312655,175.23200225830078,168.32141608533607
2023-10-27,166.91000366210938,168.9600067138672,166.8300018310547,168.22000122070312,167.36358642578125,58499100,172.73347807878716,174.66810871904016,-1.9346306402530047,-1.0424139671931538,-0.8922166730598509,34.419625346172666,182.4489897494547,175.08250198364257,167.71601421783043
2023-10-30,169.02000427246094,171.1699981689453,168.8699951171875,170.2899932861328,169.4230194091797,51131000,172.35755734145573,174.34380387215813,-1.9862465307024024,-1.2311804798950035,-0.755066050807399,40.298295566782215,182.55044014757846,174.9095016479492,167.26856314831997
2023-10-31,169.35000610351562,170.89999389648438,167.89999389648438,170.77000427246094,169.90060424804688,44846000,172.1133184077642,174.07907797588427,-1.9657595681200632,-1.3780962975400155,-0.5876632705800477,41.605502404649826,182.60777943648924,174.82800216674804,167.04822489700683
2023-11-01,171.0,174.22999572753906,170.1199951171875,173.97000122070312,173.0843048095703,56934900,172.3989619174471,174.07099821624124,-1.6720362987941257,-1.4368842977908376,-0.23515200100328815,49.537923622533775,182.61514037936752,174.84350204467773,167.07186370998795
2023-11-02,175.52000427246094,177.77999877929688,175.4600067138672,177.57000732421875,176.66600036621094,77334800,173.19450736464276,174.33018407609143,-1.1356767114486672,-1.3766427805224035,0.2409660690737363,56.66922307757976,182.83865765267987,174.97650222778321,167.11434680288656
2023-11-03,174.24000549316406,176.82000732421875,173.35000610351562,176.64999389648438,175.7506561279297,79763700,173.72612067723378,174.502021840565,-0.7759011633312127,-1.2564944570841654,0.4805932937529527,54.54766307749341,182.75134288149377,174.93450164794922,167.11766041440467
2023-11-06,176.3800048828125,179.42999267578125,176.2100067138672,179.22999572753906,178.31753540039062,63841300,174.57287068497305,174.852242128489,-0.27937144351594156,-1.0610698543705206,0.781698410854579,59.16461398700871,182.78890273744676,174.94650115966797,167.1040995818892
2023-11-07,179.17999267578125,182.44000244140625,178.97000122070312,181.82000732421875,180.89434814453125,70530000,175.68781478331854,175.36837288372823,0.3194418995903163,-0.7849675035783532,1.1044094031686695,63.205262940525984,183.39224438276455,175.11800155639648,166.8437587300284
2023-11-08,182.3500061035156,183.4499969482422,181.58999633789065,182.88999938964844,181.9588928222656,49340300,176.79584318429238,175.92553040268527,0.8703127816071117,-0.4539114465412602,1.3242242281483718,64.75676978063305,183.99397923197463,175.27250137329102,166.5510235146074
2023-11-09,182.9600067138672,184.1199951171875,181.80999755859372,182.41000366210935,181.48133850097656,53763500,177.6595601808796,176.4058617552352,1.2536984256443873,-0.1123894721041307,1.366087897748518,63.46395408568536,184.31912892230463,175.3575012207031,166.3958735191016
2023-11-10,183.97000122070312,186.57000732421875,183.52999877929688,186.3999938964844,185.69534301757807,66133400,179.00424229097266,177.14616783977218,1.8580744512004799,0.28170331255679143,1.5763711386436885,69.00359820122587,185.8190751208361,175.73500061035156,165.65092609986704
2023-11-13,185.82000732421875,186.02999877929688,184.2100067138672,184.8000030517578,184.1013946533203,43627500,179.8958977926319,177.71311859621557,2.182779196416334,0.6619184893287,1.5208607070876339,64.76308703700447,186.80801656381752,176.03900070190429,165.26998483999105
2023-11-14,187.6999969482422,188.1100006103516,186.3000030517578,187.44000244140625,186.73141479492188,60108400,181.05652927705873,178.43362851067414,2.622900766384589,1.0541149447398779,1.5687858216447113,68.23210050240439,188.41362620575552,176.5535011291504,164.69337605254526
2023-11-15,187.8500061035156,189.5,187.77999877929688,188.00999450683597,187.29925537109372,53790500,182.12629315856293,179.14298895483427,2.9833042037286646,1.4399527965376353,1.5433514071910293,68.94301455253793,190.0200688770342,177.16200103759766,164.30393319816113
2023-11-16,189.57000732421875,190.9600067138672,188.6499938964844,189.7100067138672,188.99285888671875,54412900,183.29301832091744,179.92573101105893,3.3672873098585114,1.8254196992018106,1.5418676106567009,71.0256363834339,191.8104407589899,177.87450103759767,163.93856131620544
2023-11-17,190.25,190.3800048828125,188.57000732421875,189.69000244140625,188.9729156494141,50922700,184.27716972406955,180.64901037626984,3.628159347799709,2.1859676289213903,1.4421917188783189,70.965331461702,193.35456621152332,178.71500091552736,164.0754356195314
2023-11-20,189.88999938964844,191.91000366210935,189.8800048828125,191.4499969482422,190.72625732421875,46505100,185.3806816047115,181.4490834556752,3.93159814903629,2.5350937329443703,1.3965044160919198,73.12717464999542,195.02634821424644,179.63750076293945,164.24865331163247
2023-11-21,191.41000366210935,191.5200042724609,189.7400054931641,190.63999938964844,189.9193115234375,38134500,186.18980741777872,182.12989204337694,4.059915374401783,2.840058061235853,1.2198573131659298,70.52458940346104,196.3211356240419,180.49750061035155,164.67386559666122
2023-11-22,191.4900054931641,192.92999267578125,190.8300018310547,191.30999755859372,190.58680725097656,39617700,186.97752897790411,182.80989985931893,4.167629118585182,3.105572272705719,1.0620568458794635,71.43033434350362,197.38321435332267,181.50800018310548,165.6327860128883
2023-11-24,190.8699951171875,190.8999938964844,189.25,189.97000122070312,189.25184631347656,24048300,187.4379093229501,183.34027773793997,4.097631585010134,3.303984135166602,0.7936474498435322,66.99618031810846,197.43628411441276,182.6620002746582,167.88771643490364
2023-11-27,189.9199981689453,190.6699981689453,188.8999938964844,189.7899932861328,189.072509765625,40552600,187.799768394209,183.81803444521353,3.981733948995469,3.4395340979323756,0.5421998510630934,66.39987582775534,197.2339874530533,183.7404998779297,170.2470123028061
2023-11-28,189.77999877929688,191.0800018310547,189.3999938964844,190.3999938964844,189.68020629882807,38415400,188.19980308686675,184.3055869971595,3.8942160897072426,3.530470496287349,0.36374559341989343,67.45693616858019,197.02267015310161,184.74599990844726,172.4693296637929
2023-11-29,190.8999938964844,192.08999633789065,188.97000122070312,189.3699951171875,188.65411376953125,43014200,188.37983262999302,184.6807283393838,3.6991042906092275,3.5641972551517247,0.13490703545750282,63.80673704281678,196.28107423761375,185.6759994506836,175.07092466375346
2023-11-30,189.83999633789065,190.32000732421875,188.19000244140625,189.9499969482422,189.2319183349609,48794400,188.6213963712621,185.07104453263256,3.5503518386295525,3.5614281718472904,-0.011076333217737933,64.9566703332928,195.75731255926843,186.47499923706056,177.1926859148527
2023-12-01,190.3300018310547,191.55999755859372,189.22999572753903,191.2400054931641,190.51705932617188,45679300,189.02425931309318,185.52800460378305,3.4962547093101364,3.5483934793398597,-0.052138770029723336,67.43491950983818,195.70097728963208,187.15849914550782,178.61602100138356
2023-12-04,189.97999572753903,190.0500030517578,187.4499969482422,189.42999267578125,188.71388244628903,43389500,189.0866798304298,185.8170407572644,3.2696390731653935,3.4926425981049665,-0.22300352493957298,60.92454939839925,194.88882119059056,187.79749908447266,180.70617697835476
2023-12-05,190.2100067138672,194.3999938964844,190.17999267578125,193.4199981689453,192.68881225585935,66628400,189.75334419020143,186.3802227877593,3.3731214024421377,3.468738358972401,-0.09561695653026314,68.21042952925846,194.82485991699315,188.50699920654296,182.18913849609277
2023-12-06,194.4499969482422,194.75999450683597,192.1100006103516,192.32000732421875,191.5929718017578,41089700,190.14821544158872,186.82020682749703,3.3280086140916865,3.440592409996258,-0.11258379590457146,64.63251983034543,194.75716278943594,189.03199920654296,183.30683562365
2023-12-07,193.6300048828125,195.0,193.58999633789065,194.2700042724609,193.53561401367188,47477700,190.78233680018445,187.37204367527212,3.4102931249123287,3.434532552979472,-0.024239428067143187,67.8518405809123,195.0254773060652,189.6009994506836,184.17652159530198
2023-12-08,194.1999969482422,195.9900054931641,193.6699981689453,195.7100067138672,194.9701690673828,53377300,191.54043986382794,187.9896705670199,3.5507692968080278,3.457779901745183,0.09298939506284487,70.02193069997247,195.24374699077237,190.2659996032715,185.28825221577063
2023-12-11,193.1100006103516,193.4900054931641,191.4199981689453,193.17999267578125,192.44972229003903,60943700,191.7926787579746,188.3741388713726,3.4185398866020194,3.4499318987165504,-0.03139201211453102,62.091477017552364,195.403682311464,190.60499954223633,185.80631677300866
2023-12-12,193.0800018310547,194.72000122070312,191.72000122070312,194.7100067138672,193.9739532470703,52696900,192.24149844349654,188.8434624152611,3.3980360282354525,3.439552724620331,-0.041516696384878315,64.69553558199847,195.4220613087038,191.1004997253418,186.77893814197978
2023-12-13,195.08999633789065,198.0,194.8500061035156,197.9600067138672,197.21165466308597,70404200,193.1212689466305,189.51876199293562,3.6025069536948706,3.4721435704352386,0.13036338325963204,69.48989143318599,196.55599370321895,191.62649993896486,186.69700617471076
2023-12-14,198.0200042724609,199.6199951171875,196.16000366210935,198.1100006103516,197.361083984375,66831600,193.88876612566452,190.15515003867014,3.733616086994374,3.5244380737470657,0.20917801324730823,69.69444066442877,197.5232663204805,192.13150024414062,186.73973416780075
2023-12-15,197.52999877929688,198.3999938964844,197.0,197.57000732421875,196.82313537597656,128256700,194.45511092544209,190.70439872648856,3.750712198953522,3.569692898788357,0.1810193001651652,67.92877949358694,198.2861051721331,192.5245002746582,186.76289537718333
2023-12-18,196.08999633789065,196.6300048828125,194.38999938964844,195.88999938964844,195.1494903564453,55751900,194.67586299685846,191.08851729413004,3.5873457027284132,3.573223459576368,0.014122243152045133,62.61396521431437,198.61983785104457,192.83450012207032,187.04916239309608
2023-12-19,196.16000366210935,196.9499969482422,195.88999938964844,196.94000244140625,196.1955108642578,40714100,195.0241921421735,191.52196063837272,3.502231503800772,3.5590250684212488,-0.05679356462047691,64.48429681340308,199.12201886387874,193.1090003967285,187.09598192957827
2023-12-20,196.8999938964844,197.67999267578125,194.8300018310547,194.8300018310547,194.09349060058597,52242800,194.99431670969366,191.76700072671954,3.227315982974119,3.492683251331823,-0.26536726835770397,58.184936196146545,199.26442398572,193.31850051879883,187.37257705187767
2023-12-21,196.1000061035156,197.0800018310547,193.5,194.67999267578125,193.94403076171875,46482500,194.94595916601483,191.9827779081315,2.9631812578833205,3.3867828526421224,-0.4236015947588019,57.752982901630354,199.3865216581313,193.48700027465821,187.58747889118513
2023-12-22,195.17999267578125,195.41000366210935,192.97000122070312,193.6000061035156,192.8681488037109,37122800,194.73888946409187,192.10257258927106,2.636316874820807,3.2366896570778594,-0.6003727822570526,54.60971490135962,199.34311775645995,193.66850051879882,187.9938832811377
2023-12-26,193.6100006103516,193.88999938964844,192.8300018310547,193.0500030517578,192.32020568847656,28919300,194.47906078527126,192.17275262352933,2.3063081617419243,3.0506133580106725,-0.7443051962687481,53.02688398186082,199.23177399182754,193.83150100708008,188.43122802233262
2023-12-27,192.4900054931641,193.5,191.08999633789065,193.1499938964844,192.4198303222656,48087700,194.27458895622712,192.24514086597046,2.0294480902566647,2.846380304459871,-0.8169322142032063,53.29193914890643,199.14830264805207,193.96900100708007,188.78969936610807
2023-12-28,194.13999938964844,194.66000366210935,193.1699981689453,193.5800018310547,192.84820556640625,34049900,194.16772939850827,192.3440194559767,1.8237099425315648,2.6418462320742098,-0.818136289542645,54.48147090155343,198.9174351708849,194.17950134277345,189.441567514662
