Date,Open,High,Low,Close,Adj Close,Volume,EMA_12,EMA_26,MACD,MACD_Signal,MACD_Hist,RSI,Upper_BB,Middle_BB,Lower_BB
2022-02-18,295.3333435058594,295.6233215332031,279.2033386230469,285.6600036621094,285.6600036621094,68501700,299.756801075475,314.57231726949715,-16.606360403373742,-20.863598885779222,4.25723848240548,35.60134080790508,321.9539499073801,300.5024978637695,279.05104582015895
2022-02-22,278.0433349609375,285.57666015625,267.0333251953125,273.84332275390625,273.84332275390625,83288100,295.77011210292596,311.5553547127867,-17.300572325465964,-20.15099357371657,2.850421248250605,32.57600708479637,322.59431997862634,298.69466400146484,274.79500802430334
2022-02-23,276.8099975585937,278.4333190917969,253.5200042724609,254.67999267578125,254.67999267578125,95256900,289.4485552679806,307.3423649322678,-19.176011731337724,-19.9559972052408,0.7799854739030749,28.36614888963609,326.47180101402006,296.1219970703125,265.7721931266049
2022-02-24,233.4633331298828,267.49334716796875,233.3333282470703,266.92333984375,266.92333984375,135322200,285.98313751040666,304.34836307385905,-19.45016577403362,-19.85483091899936,0.40466514496574035,34.21549222460187,325.7417874551917,293.8446640014648,261.94754054773796
2022-02-25,269.74334716796875,273.1666564941406,260.79998779296875,269.9566650390625,269.9566650390625,76067700,283.5175263609691,301.8008298860963,-19.201329857157475,-19.724130706630984,0.5228008494735086,35.61816274958214,326.2357342192877,293.5241638183594,260.8125934174311
2022-02-28,271.6700134277344,292.28668212890625,271.57000732421875,290.1433410644531,290.1433410644531,99006900,284.5368824691974,300.93731219560425,-17.17722123812473,-19.214748812929734,2.0375275748050043,44.15244036540021,326.2622005296283,293.9254974365234,261.58879434341856
2022-03-01,289.8933410644531,296.6266784667969,284.59332275390625,288.1233215332031,288.1233215332031,74766900,285.0886423251983,299.98812770209304,-15.556770502194524,-18.48315315078269,2.9263826485881665,43.53060764776362,324.01655122037647,292.7196640014648,261.42277678255317
2022-03-02,290.7099914550781,295.49334716796875,281.42333984375,293.2966613769531,293.2966613769531,74643300,286.3514144870067,299.49246352986046,-13.69721337964586,-17.525965196555326,3.8287518169094668,45.64206320137622,322.0959993158934,291.8636642456055,261.6313291753176
2022-03-03,292.92333984375,295.4800109863281,277.5333251953125,279.7633361816406,279.7633361816406,61623600,285.3378639784888,298.0310466892516,-13.163783303432979,-16.653528817930855,3.4897455144978764,41.29238625389893,321.06081776399805,290.7574981689453,260.45417857389253
2022-03-04,283.0333251953125,285.2166748046875,275.0533447265625,279.42999267578125,279.42999267578125,66999600,284.4289607011492,296.6531908364019,-12.622430636742877,-15.847309181693259,3.224878544950382,41.188265476376635,320.4207225796716,289.87666473388674,259.3326068881019
2022-03-07,285.4333190917969,288.7133178710937,268.19000244140625,268.1933288574219,268.1933288574219,72494100,281.9311711867296,294.545052912033,-12.950820611179665,-15.26801146759054,2.3171908564108747,37.73418488194822,318.67507220781044,287.89766387939454,257.12025555097864
2022-03-08,265.1766662597656,283.3299865722656,260.72332763671875,274.79998779296875,274.79998779296875,80399100,280.83406604922794,293.082455495806,-12.533491580781117,-14.721107490228656,2.1876159094475387,40.87374304259901,317.03713705155155,286.5153305053711,255.9935239591906
2022-03-09,279.82666015625,286.85333251953125,277.336669921875,286.3233337402344,286.3233337402344,59184000,281.67856877092123,292.5817798102081,-11.144451306689461,-14.005776253520818,2.861324946831356,45.98916155212969,314.45613749420727,285.46483001708987,256.47352253997246
2022-03-10,283.8166809082031,284.8166809082031,270.1199951171875,279.4333190917969,279.4333190917969,58648500,281.3331457433636,291.60781975699246,-10.478800393738709,-13.300381081564396,2.821580687825687,43.56233804328154,310.5675609243927,283.90316314697264,257.2387653695526
2022-03-11,280.0666809082031,281.26666259765625,264.5899963378906,265.1166687011719,265.1166687011719,67037100,278.83830312148797,289.6455122713761,-10.979931471519592,-12.836291159555435,1.8563596880358428,38.96161955044252,308.6590908190044,282.0831634521484,255.50723608529242
2022-03-14,260.2033386230469,266.8999938964844,252.01333618164065,255.4566650390625,255.4566650390625,71152200,275.24112803188405,287.1130050689825,-12.018026693863533,-12.672638266417055,0.654611572553522,36.184719520744764,309.40400182619453,280.52266387939454,251.64132593259458
2022-03-15,258.42333984375,268.5233459472656,252.19000244140625,267.2966613769531,267.2966613769531,66841200,274.0189023926639,285.6451277584618,-11.74989045998376,-12.488088705130396,0.738198245146636,41.67202459818588,308.22372916733013,279.29149627685547,250.35926338638077
2022-03-16,269.6666564941406,280.6666564941406,267.4200134277344,280.07666015625,280.07666015625,84028800,274.9508651255233,285.2326486768165,-10.386423246373568,-12.067755613379031,1.6813323670054636,46.972330025516946,303.8214806759784,277.92149658203124,252.02151248808408
2022-03-17,276.9966735839844,291.6666564941406,275.239990234375,290.5333251953125,290.5333251953125,66582900,277.34816667472165,285.6252913818903,-8.365665987621298,-11.327337688227484,2.9616717006061855,50.90349809523137,299.88672214286646,277.0583297729492,254.22993740303193
2022-03-18,291.4966735839844,302.6166687011719,289.1300048828125,301.7966613769531,301.7966613769531,100414200,281.10947355198806,286.8231706407838,-5.788616633794163,-10.219593477340819,4.430976843546656,54.79126283572131,301.9809212538004,277.5423294067383,253.10373755967623
2022-03-21,304.99334716796875,314.2833251953125,302.36334228515625,307.0533447265625,307.0533447265625,81981600,285.1008383480764,288.3217020545452,-3.284257167621263,-8.832526215396907,5.548269047775644,56.521683143730186,306.0650235977175,278.61199645996095,251.15896932220437
2022-03-22,310.0,332.6199951171875,307.25,331.32666015625,331.32666015625,105868500,292.21250324164157,291.50725450652334,0.6516081141430732,-6.935699349488911,7.587307463631984,63.47405044650923,317.1490917316685,281.4861633300781,245.82323492848775
2022-03-23,326.64666748046875,346.8999938964844,325.4666748046875,333.03668212890625,333.03668212890625,120676200,298.4931461473746,294.58350840447764,3.8642495251487503,-4.775709574561379,8.63995909971013,63.911856538474076,325.3817890750481,285.40399780273435,245.4262065304206
2022-03-24,336.57666015625,341.4966735839844,329.6000061035156,337.97332763671875,337.97332763671875,68920800,304.5670202226583,297.79756908834736,6.731045719293263,-2.4743585157904504,9.205404235083714,65.2083497559033,334.0357910142503,288.9564971923828,243.8772033705153
2022-03-25,336.0,340.6000061035156,332.44000244140625,336.8800048828125,336.8800048828125,62031600,309.5382486319128,300.69256433238183,8.813187409900593,-0.21684933065224143,9.030036740552834,64.6543563078916,341.031394835183,292.3026641845703,243.57393353395756
2022-03-28,355.0333251953125,365.9599914550781,351.20001220703125,363.9466552734375,363.9466552734375,102506100,317.9087727306089,305.3780525502378,12.503222812222361,2.3271650979226792,10.176057714299683,71.181750320268,353.834507390563,295.99282989501955,238.1511523994761
2022-03-29,369.3299865722656,371.5899963378906,357.7033386230469,366.5233459472656,366.5233459472656,73614900,325.3879378408638,309.9073335426102,15.457337294435376,4.953199537225219,10.504137757210158,71.71722435621048,365.2329575987992,299.91283111572267,234.59270463264613
2022-03-30,363.7233276367188,371.3166809082031,361.3333435058594,364.663330078125,364.663330078125,59865000,331.4303058773655,313.96333328598166,17.447285126614588,7.452016655103092,9.995268471511496,70.69603814617312,374.5132530215818,303.4811645507813,232.44907607998073
2022-03-31,364.8566589355469,367.71331787109375,358.8800048828125,359.20001220703125,359.20001220703125,48992700,335.7025683896218,317.3141983912446,18.371711374341658,9.635955598950805,8.735755775390853,67.6490707469654,381.55338065782945,307.45299835205077,233.3526160462721
2022-04-01,360.3833312988281,364.9166564941406,355.5466613769531,361.5299987792969,361.5299987792969,54263100,339.67601921880254,320.58944286443364,19.07248059556963,11.52326059827457,7.54921999729506,68.27702537691673,388.0515877575935,311.55799865722656,235.06440955685963
2022-04-04,363.1266784667969,383.3033447265625,357.510009765625,381.8166809082031,381.8166809082031,82035900,346.15919794024876,325.1247938306388,21.02247692908753,13.423103864437163,7.5993730646503685,73.16173006631766,396.82135070517234,317.2391662597656,237.65698181435891
2022-04-05,378.76666259765625,384.2900085449219,362.4333190917969,363.7533264160156,363.7533264160156,80075100,348.8659869365206,327.9861666147408,20.869728092106982,14.912428709971127,5.957299382135854,63.74910867335986,401.22734967026804,321.686833190918,242.14631671156795
2022-04-06,357.8233337402344,359.6666564941406,342.5666809082031,348.586669921875,348.586669921875,89348400,348.82301508811355,329.5121298226767,19.302345686482965,15.790412105273495,3.5119335812094707,57.105819997404595,403.4290744955568,324.8,246.17092550444323
2022-04-07,350.7966613769531,358.86334228515625,340.5133361816406,352.4200134277344,352.4200134277344,79447200,349.3763994480552,331.209010089718,18.16016356076085,16.264362396370966,1.8958011643898836,58.28895061837286,405.06660862778386,328.4493347167969,251.83206080580993
2022-04-08,347.7366638183594,349.4800109863281,340.8133239746094,341.8299865722656,341.8299865722656,55013700,348.2154128517799,331.9957490884252,16.213549626943916,16.254199842485555,-0.040650215541639056,53.868437252700296,403.312885149098,332.2850006103516,261.25711607160514
2022-04-11,326.79998779296875,336.1566772460937,324.8800048828125,325.3099975585937,325.3099975585937,59357100,344.6915028066743,331.5005082343636,13.185821072270812,15.640524088442607,-2.454703016171795,47.78094300172592,397.6272994550581,335.7776672363281,273.9280350175981
2022-04-12,332.5466613769531,340.39666748046875,325.5333251953125,328.9833374023437,328.9833374023437,65976000,342.2748619752388,331.3140511356955,10.956433262586529,14.703705923271391,-3.747272660684862,49.15679940026186,392.3281351458137,338.8620010375977,285.39586692938167
2022-04-13,327.02667236328125,342.0799865722656,324.3666687011719,340.7900085449219,340.7900085449219,55121100,342.0464229859593,332.0159739067493,10.026744975631118,13.768313733743337,-3.7415687581122192,53.40616036711175,388.0643942650685,341.8976684570313,295.7309426489941
2022-04-14,333.0966796875,337.57000732421875,327.39666748046875,328.3333435058594,328.3333435058594,58422300,339.9367184505593,331.74318646964633,8.19039773942319,12.652730534879307,-4.462332795456117,48.7744428670225,384.1140526535622,343.7876693725586,303.46128609155494
2022-04-18,329.6766662597656,338.3066711425781,324.4700012207031,334.7633361816406,334.7633361816406,51715200,339.14081348611023,331.9669012631274,7.171260172491543,11.556436462401754,-4.385176289910211,51.13048012900461,381.19894397984746,345.43600311279295,309.67306224573844
2022-04-19,335.0199890136719,344.9800109863281,331.77667236328125,342.7166748046875,342.7166748046875,49847700,339.69094599666056,332.76318078472445,6.925521169212743,10.630253403763952,-3.7047322345512086,53.95167435525492,378.4137599276553,347.2191696166992,316.02457930574315
2022-04-20,343.3333435058594,344.6666564941406,325.0833435058594,325.7333374023437,325.7333374023437,70711200,337.54362159753487,332.24245164528884,5.299271146864726,9.564056952384107,-4.264785805519381,47.62869397005608,378.79234382131347,346.9395034790039,315.08666313669437
2022-04-21,358.24334716796875,364.0733337402344,332.1400146484375,336.260009765625,336.260009765625,105416400,337.3461428541641,332.54004854309153,4.80448762959611,8.612143087826507,-3.8076554582303963,51.42841680274343,378.70212818729124,347.10066986083984,315.49921153438845
2022-04-22,338.3033447265625,344.95001220703125,331.3333435058594,335.01666259765625,335.01666259765625,69696600,336.98776127623984,332.7235014360223,4.26290034050669,7.742294538362543,-3.4793941978558536,50.958135159115514,378.75075667874273,346.95283660888674,315.15491653903075
2022-04-25,326.3233337402344,336.2066650390625,325.1000061035156,332.67333984375,332.67333984375,68341200,336.32400413277986,332.71978576252064,3.603068024350023,6.914449235560039,-3.3113812112100165,50.02958334695061,378.85821879717025,346.7425033569336,314.6267879166969
2022-04-26,331.8099975585937,333.3333435058594,291.6666564941406,292.1400146484375,292.1400146484375,136133700,329.5264672890349,329.71387679110705,-0.18838287168762236,5.493882814110507,-5.6822656857981295,37.35124135773811,382.1001754832636,343.1521713256836,304.20416716810354
2022-04-27,299.52667236328125,306.0,292.4533386230469,293.836669921875,293.836669921875,76956300,324.03572923254876,327.0563059119047,-3.0214002997997795,3.79082619132845,-6.8122264911282295,38.05883030466711,382.42791645985676,339.51783752441406,296.60775858897136
2022-04-28,299.99334716796875,300.0,273.8999938964844,292.5033264160156,292.5033264160156,124948500,319.1845903376975,324.4968259492463,-5.312932521155062,1.9700744488317476,-7.283006969986809,37.69847947517918,381.78813182529433,335.9098373413086,290.0315428573229
2022-04-29,300.75,311.4666748046875,290.0,290.2533264160156,290.2533264160156,88133100,314.7336266574388,321.9602704282662,-7.227233463571224,0.1306128663511532,-7.357846329922378,37.060789040885815,381.1009487389176,332.46250305175784,283.82405736459805
2022-05-02,286.92333984375,302.1199951171875,282.6766662597656,300.9800109863281,300.9800109863281,75781500,312.6176857849602,320.4061771362708,-7.7889903220938095,-1.4533077713378395,-6.33568255075597,42.090079437332605,377.99713899820676,329.43500366210935,280.87286832601194
2022-05-03,301.0599975585937,308.02667236328125,296.1966552734375,303.0833435058594,303.0833435058594,63709500,311.15086389586776,319.12300427475884,-7.97256258493843,-2.757158734057958,-5.215403850880472,43.051024249237074,368.93110760610887,325.4983367919922,282.0655659778755
2022-05-04,301.3133239746094,318.5,295.09332275390625,317.5400085449219,317.5400085449219,81643800,312.13380922649145,319.00574533180793,-6.872293356587306,-3.5801856585638276,-3.2921076980234787,49.280676379031135,363.0000687736705,323.1876708984375,283.3752730232045
2022-05-05,313.00665283203125,315.20001220703125,285.8999938964844,291.09332275390625,291.09332275390625,92519100,308.89681130763216,316.93815847418557,-8.041649456090227,-4.472478418069107,-3.5691710380211195,40.543237940593016,360.6733774379115,320.31300354003906,279.95262964216664
2022-05-06,295.6666564941406,296.0,281.03668212890625,288.54998779296875,288.54998779296875,72903000,305.76653076691474,314.83533101631764,-9.069056032857134,-5.391793941026712,-3.6772620918304213,39.81219881342704,356.9161327251408,317.11950225830077,277.3228717914607
2022-05-09,278.8166809082031,281.8766784667969,260.3833312988281,262.3699951171875,262.3699951171875,90810300,299.0901406669567,310.9490098386043,-11.85908560380119,-6.685252273581608,-5.1738333302195825,33.180105889484665,357.84564130729933,313.14650268554686,268.4473640637944
2022-05-10,273.10333251953125,275.1199951171875,258.0833435058594,266.67999267578125,266.67999267578125,84401700,294.1039640529297,307.6698233820989,-13.566042464068403,-8.061410311678967,-5.504632152389435,35.09697116352607,358.85526773461027,310.2150024414062,261.5747371482022
2022-05-11,265.0,269.92333984375,242.3999938964844,244.6666717529297,244.6666717529297,97224600,286.4982267760066,303.0029232614197,-16.504851445712404,-9.750098538485656,-6.754752907226749,30.313766803288733,361.52978286434,305.99916915893556,250.46855545353114
2022-05-12,233.6666717529297,253.22000122070312,226.6666717529297,242.6666717529297,242.6666717529297,140313000,279.75491061861015,298.53357129782785,-18.778791799470923,-11.555837190682709,-7.222954608788214,29.914865490246612,360.6537923641881,301.09300231933594,241.53221227448378
2022-05-13,257.82666015625,262.45001220703125,250.52333068847656,256.5299987792969,256.5299987792969,92150700,276.1818472587158,295.42219555571444,-19.240459244905196,-13.092761601527206,-6.14769764337799,36.18360184347025,358.696752484478,297.5028350830078,236.30891768153765
2022-05-16,255.72000122070312,256.586669921875,239.69667053222656,241.4566650390625,241.4566650390625,86098500,270.8395115326153,291.42474885077723,-20.585331197159803,-14.591275520653726,-5.994055676506077,32.75327604516448,356.14784684981186,292.8375015258789,229.52715620194593
2022-05-17,249.1199951171875,254.82666015625,242.9499969482422,253.8699951171875,253.8699951171875,80236200,268.22881669947253,288.6429152408817,-20.414177977484258,-15.755856012019832,-4.658321965464426,37.96879428341053,349.51283622959744,288.3951675415039,227.27749885341038
2022-05-18,248.17333984375,253.5,233.60333251953125,236.60333251953125,236.60333251953125,87811800,263.36335759486616,284.78813133559646,-21.424840955870764,-16.88965300079002,-4.535187955080744,34.01673259392615,346.4972710017355,283.9386672973633,221.3800635929911
2022-05-19,235.6666717529297,244.6666717529297,231.3699951171875,236.47332763671875,236.47332763671875,90296700,259.2264299089973,281.20925698753143,-21.982883952883753,-17.908299191208766,-4.074584761674988,33.988047315610366,339.9172935998211,278.94933319091797,217.98137278201483
2022-05-20,237.9966735839844,240.52667236328125,211.0,221.3000030517578,221.3000030517578,144973200,253.39159500788355,276.77153447377043,-23.379987590336583,-19.00263687103433,-4.377350719302253,30.730831392341123,333.4611528055376,273.26350021362305,213.06584762170849
2022-05-23,218.33999633789065,226.65333557128903,212.6866607666016,224.96665954589844,224.96665954589844,88903500,249.018528013732,272.9341363309651,-23.9156490379213,-19.985239304411724,-3.930409733509574,32.4163597975778,325.04774939198313,267.87816619873047,210.7085830054778
2022-05-24,217.8433380126953,217.97332763671875,206.85667419433597,209.3866729736328,209.3866729736328,89092500,242.92131954602445,268.22691682301456,-25.305631732957067,-21.049317790120792,-4.256313942836275,29.168537279472606,325.1115312458556,263.74049911499026,202.36946698412493
2022-05-25,207.9499969482422,223.10667419433597,207.6699981689453,219.6000061035156,219.6000061035156,92139300,239.33342517025386,264.624923436385,-25.29152742118012,-21.897759716332658,-3.3937677048474626,33.84759883948127,322.63707979529875,260.02866592407224,197.4202520528457
2022-05-26,220.47332763671875,239.55667114257807,217.8866729736328,235.91000366210935,235.91000366210935,106003200,238.80674493823162,262.4978923419942,-23.69117207341938,-22.256442187750004,-1.4347298856693769,40.5962571474927,318.78801426717087,257.19899978637693,195.60998530558302
2022-05-27,241.0833282470703,253.26666259765625,240.1766662597656,253.2100067138672,253.2100067138672,89295000,241.02263136525247,261.80990081398477,-20.787290323057277,-21.96261181481146,1.1753214917541825,46.796248077527814,315.0473307902276,255.34683380126953,195.64633681231146
2022-05-31,257.9466552734375,259.6000061035156,244.7433319091797,252.7533264160156,252.7533264160156,101914500,242.8273536807545,261.13904345117226,-18.31170743330813,-21.232430938510795,2.920723505202666,46.65781101239744,308.8439881392766,252.9354995727539,197.02701100623128
2022-06-01,251.72000122070312,257.32666015625,243.63999938964844,246.7899932861328,246.7899932861328,77247900,243.4369905431204,260.0761508463545,-16.639175248756715,-20.313779800559978,3.674604551803263,44.794326288334396,301.09790416560037,250.12083206176757,199.14375995793478
2022-06-02,244.1566619873047,264.2099914550781,242.0666656494141,258.3333435058594,258.3333435058594,93473100,245.72873715277254,259.94705400631784,-14.218329499756749,-19.094689740399332,4.876360240642583,49.037399656660554,288.0019922416102,247.16049880981444,206.3190053780187
2022-06-03,243.22666931152344,247.79666137695312,233.4166717529297,234.51666259765625,234.51666259765625,112393800,244.00380260583157,258.06332130937994,-14.059529404188822,-18.08765767315723,4.028128268968409,41.884470750731694,280.1363179562469,244.33166580200196,208.52701364775706
2022-06-06,244.35333251953125,244.86666870117188,234.3500061035156,238.27999877929688,238.27999877929688,84204600,243.12321740174932,256.5978900108553,-13.474681663494039,-17.165062471224594,3.6903808077305555,43.292062742841566,271.36431555461604,241.81816635131835,212.2720171480207
2022-06-07,234.0,239.9966735839844,230.0933380126953,238.8866729736328,238.8866729736328,72808500,242.47144133588523,255.28594800809807,-12.81451433361812,-16.2949528437033,3.480438510085179,43.529513364024716,268.6565593224351,240.6440002441406,212.63144116584616
2022-06-08,240.086669921875,249.9633331298828,239.1766662597656,241.86666870117188,241.86666870117188,76210500,242.37839939208317,254.29192731869614,-11.913534409340514,-15.418669156830742,3.505134747490228,44.753230800950064,264.76611896543193,239.40333404541016,214.0405491253884
2022-06-09,249.33999633789065,255.54666137695312,239.32666015625,239.7066650390625,239.7066650390625,96491400,241.9673633377723,253.21153752020476,-11.244179667817292,-14.583771259028051,3.339591591210759,44.008802797457086,264.40414951178883,239.15533370971679,213.90651790764474
2022-06-10,235.1566619873047,239.5,227.913330078125,232.22999572753903,232.22999572753903,97536600,240.4693067823518,251.65734923926655,-11.188047098394236,-13.904626426901288,2.716579328507052,41.43930003974409,264.0015826031463,238.63349990844728,213.2654172137483
2022-06-13,223.1666717529297,226.63333129882807,214.68333435058597,215.73666381835935,215.73666381835935,102767400,236.6642847878914,248.99655772660677,-12.332276866121049,-13.59015651474524,1.2578796486241917,36.39157902741754,262.4336230986561,236.59383316040038,210.75404322214467
2022-06-14,218.2866668701172,226.3300018310547,211.73666381835935,220.88999938964844,220.88999938964844,97988700,234.23747164970018,246.91459044238763,-12.67712211587687,-13.407549634971566,0.7304275190946967,38.89605511687762,262.1748500943044,235.56549987792968,208.95614966155492
2022-06-15,220.9166717529297,235.663330078125,218.1499938964844,233.0,233.0,119131800,234.04709139590017,245.8838800392478,-11.836791455277165,-13.093397999032685,1.2566065437555203,44.4328776840335,259.7808085006867,234.52200012207032,209.26319174345392
2022-06-16,222.73666381835935,225.1666717529297,208.69332885742188,213.1000061035156,213.1000061035156,107390700,230.82446288937948,243.45544493289728,-12.6309844228428,-13.000915283794708,0.3699308609519072,38.29245790160816,260.2428802359773,233.34683380126953,206.45078736656174
2022-06-17,213.43333435058597,220.97000122070312,213.19667053222656,216.75999450683597,216.75999450683597,92641800,228.6606985228343,241.47800416059644,-12.817307651037112,-12.964193757243189,0.14688610620607712,39.936510214156975,260.1565051280112,232.36116714477538,204.56582916153957
2022-06-21,224.60333251953125,243.57666015625,224.3333282470703,237.0366668701172,237.0366668701172,122793000,229.9493090378009,241.14901621315354,-11.199708878893006,-12.611296781573152,1.4115879026801466,48.17452117219273,260.5342482904391,233.14800033569335,205.76175238094757
2022-06-22,234.5033264160156,246.8333282470703,233.82666015625,236.086669921875,236.086669921875,101107500,230.89351840458153,240.77402759898476,-9.880510635860446,-12.065139552430612,2.1846289165701656,47.84343248374947,260.85377652750213,233.7040008544922,206.55422518148228
2022-06-23,237.9066619873047,239.3166656494141,228.6366729736328,235.07000732421875,235.07000732421875,104202600,231.5360551614488,240.35150757863173,-8.815453636877493,-11.415202369319989,2.599748732442496,47.467454685011255,259.73934310255225,234.9881675720215,210.23699204149077
2022-06-24,237.47000122070312,246.0666656494141,236.086669921875,245.7066650390625,245.7066650390625,95770800,233.71614898877397,240.748185909034,-7.032037952309253,-10.538569485917842,3.506531533608589,51.740483831062456,260.4062201631987,236.29350051879882,212.18078087439892
2022-06-27,249.36666870117188,252.07000732421875,242.5666656494141,244.9199981689453,244.9199981689453,89178300,235.4398180934157,241.0572090393978,-5.617391819254522,-9.554333952585178,3.936942133330657,51.407438205732426,261.14615848912075,236.74400024414064,212.34184199916052
2022-06-28,244.48333740234372,249.97000122070312,232.3433380126953,232.663330078125,232.663330078125,90391200,235.0126660910633,240.43544022745166,-5.422774875311205,-8.728022137130385,3.3052472618191793,46.39644096356686,258.96205666061377,235.7166664123535,212.47127616409327
2022-06-29,230.5,231.17333984375,222.27333068847656,228.4900054931641,228.4900054931641,82897200,234.00917984523264,239.55059321009702,-5.541413990106776,-8.090700507725662,2.549286517618887,44.79531600388646,256.56832416255986,234.50350036621094,212.438676569862
2022-06-30,224.50999450683597,229.4566650390625,218.8633270263672,224.47332763671875,224.47332763671875,94600500,232.54212565930743,238.43375872318012,-5.891633592923938,-7.650887124765317,1.7592535318413791,43.24835393682691,255.10874912053785,233.38766708374024,211.66658504694263
2022-07-01,227.0,230.22999572753903,222.1199951171875,227.26333618164065,227.26333618164065,74460300,231.73000420120485,237.60632001639942,-5.876316262853322,-7.295972952382918,1.419656689529596,44.677485419545434,250.41361995669334,231.83416671752929,213.25471347836523
2022-07-05,223.0,233.14666748046875,216.1666717529297,233.0666656494141,233.0666656494141,84581100,231.93564442400628,237.27004932254866,-5.334405277330546,-6.9036594173724435,1.5692541400418971,47.63154894034074,250.30997438451942,231.76166687011718,213.21335935571494
2022-07-06,230.77999877929688,234.56333923339844,227.1866607666016,231.73333740234372,231.73333740234372,71853600,231.90452026682743,236.8599225136446,-4.955402567330225,-6.514008047363999,1.5586054800337745,47.01045554144961,249.74044082141648,231.43433380126953,213.12822678112258
2022-07-07,233.9199981689453,245.3633270263672,232.2100067138672,244.5433349609375,244.5433349609375,81930600,233.84895329669052,237.42906417640702,-3.580111150919862,-5.927228668075172,2.3471175171553096,53.30966244015178,250.63951576216712,231.71716690063477,212.7948180391024
2022-07-08,242.3333282470703,254.97999572753903,241.16000366210935,250.76333618164065,250.76333618164065,101854200,236.45116604822132,238.41678802864655,-1.965622209905007,-5.134907376441139,3.169285166536132,56.04215025297782,252.3910045756931,232.1620002746582,211.9329959736233
2022-07-11,252.10333251953125,253.06333923339844,233.6266632080078,234.3433380126953,234.3433380126953,99241200,236.12688481198654,238.11505099042793,-1.9881663726165755,-4.505559175676226,2.517392803059651,48.047975605312516,251.8561037298373,231.89383392333986,211.93156411684242
2022-07-12,236.8466644287109,239.77333068847656,228.3699951171875,233.07000732421875,233.07000732421875,87930900,235.65659596771457,237.74134405219021,-2.0847482487777143,-4.021396990296524,1.9366487415188098,47.48233098889452,251.90429051395859,231.93583450317382,211.96737849238906
2022-07-13,225.5,242.05999755859372,225.0333404541016,237.0399932861328,237.0399932861328,97954500,235.86942632439428,237.68939214359338,-1.8199659582239178,-3.5811107838820027,1.7611448256580848,49.47929577943213,251.62702519515804,233.0010009765625,214.37497675796695
2022-07-14,234.89666748046875,238.65333557128903,229.3333282470703,238.31333923339844,238.31333923339844,78557400,236.24541292577953,237.7356104465419,-1.4901976383987403,-3.1629281547853503,1.67273051638661,50.13424776554684,251.7663560235887,233.87216796875,215.9779799139113
2022-07-15,240.0,243.6233367919922,236.88999938964844,240.0666656494141,240.0666656494141,69683100,236.83329796018484,237.9082812023102,-1.074983341663824,-2.745339192161045,1.670355850497221,51.07478046637481,252.3148576084261,234.2255012512207,216.13614489401527
2022-07-18,244.9366607666016,250.51666259765625,239.60333251953125,240.54666137695312,240.54666137695312,82537500,237.40458463968764,238.10371677080227,-0.6991322153394606,-2.336097796796728,1.6369655814572672,51.345335294311134,251.0388744131577,235.59783401489258,220.15679361662745
2022-07-19,245.0,247.13999938964844,236.97666931152344,245.52999877929688,245.52999877929688,80890200,238.65464835347368,238.65381173439445,0.0008365478120424541,-1.8687109278749738,1.8695474756870163,54.178423747361556,250.41188419992588,237.0363342285156,223.66078425710535
2022-07-20,246.7833404541016,250.663330078125,243.48333740234372,247.5,247.5,88864200,240.01547168370848,239.30908493925412,0.7063866841513686,-1.3536914054697053,2.060078089621074,55.28683754586906,251.69131548502347,237.55950088500975,223.42768628499604
2022-07-21,255.10667419433597,273.26666259765625,254.86666870117188,271.7066650390625,271.7066650390625,142032300,244.89103989222448,241.70890568738807,3.182134153810807,-0.44652629361360274,3.62866044742441,66.12894621999132,259.8293332359977,239.34050064086915,218.85166804574064
2022-07-22,276.2200012207031,280.78668212890625,270.7133178710937,272.24334716796875,272.24334716796875,103472700,249.0990871654159,243.97071616743108,5.128370954809327,0.6684531560709834,4.459917798738344,66.32391578019212,266.0757777004165,241.19916763305665,216.3225575656968
2022-07-25,272.2166748046875,274.14666748046875,267.3999938964844,268.4333190917969,268.4333190917969,64073400,252.07358438485915,245.7827608284952,6.290823519830809,1.7929272288229487,4.49789629100786,63.52815460783196,269.8665194770485,242.33550033569335,214.80448119433822
2022-07-26,266.5133361816406,267.3099975585937,256.2633361816406,258.8599853515625,258.8599853515625,66820800,253.11764607204427,246.7514441265002,6.366201914631432,2.7075821659846455,3.6586197486467866,57.02377901341722,271.48051505148936,243.03249969482422,214.5844843381591
2022-07-27,263.8099975585937,275.9266662597656,261.7900085449219,274.82000732421875,274.82000732421875,88110000,256.4564708800711,248.83059695596083,7.625873897953426,3.6912405123784016,3.934633385575024,63.69701751417575,276.31889856449436,245.1403335571289,213.96176854976346
2022-07-28,280.0666809082031,283.29998779296875,272.79998779296875,280.8999938964844,280.8999938964844,84723000,260.21701288259624,251.20610784044405,9.010905020019464,4.755173413906614,4.2557316061128505,65.87114007197205,281.5977776334524,247.7608329772949,213.92388832113744
2022-07-29,280.70001220703125,298.32000732421875,279.1000061035156,297.1499938964844,297.1499938964844,95313000,265.89900996165596,254.60935865941,11.289651283518282,6.0620689878289475,5.227582295689334,70.88915507357896,289.7550118015058,251.3946662902832,213.0343207790606
2022-08-01,301.27667236328125,311.8766784667969,295.0,297.27667236328125,297.27667236328125,117042900,270.72634263882907,257.7699004152523,12.956442207730277,7.440943631809214,5.515498575921063,70.92504423852431,296.45330361046706,254.89533309936525,213.3373625882634
2022-08-02,294.0033264160156,307.8333435058594,292.6666564941406,300.586669921875,300.586669921875,95577600,275.32023914391306,260.94151297129844,14.378726159206053,8.828500137288582,5.550226021917471,71.89986876891923,303.03422989966526,258.2713333129883,213.50843672631134
2022-08-03,305.0,309.54998779296875,301.1499938964844,307.39666748046875,307.39666748046875,80091000,280.2550742726139,264.3826355275333,15.872438733734953,10.237287856577856,5.635150877157097,73.84298814302252,309.8904085222499,262.0544998168945,214.21859111153913
2022-08-04,311.0,313.6066589355469,305.0,308.6333312988281,308.6333312988281,72256200,284.62095996895454,267.6604648439255,16.96049511542884,11.581929308348053,5.378565807080788,74.19199578508281,316.4428663779418,265.2589996337891,214.07513288963634
2022-08-05,302.6700134277344,304.6066589355469,285.5433349609375,288.1700134277344,288.1700134277344,113172900,285.1669681933822,269.1796906649484,15.987277520310613,12.462998950740566,3.524278569570047,59.94008112851993,318.7893149003385,267.12933349609375,215.46935209184898
2022-08-08,295.0,305.20001220703125,289.086669921875,290.42333984375,290.42333984375,98994000,285.97564075497723,270.7532943078226,15.222346440281171,13.014868448648688,2.2074779916324836,60.83231117806845,320.2408067801125,269.9333335876465,219.62586039518044
2022-08-09,290.2933349609375,292.39666748046875,279.35333251953125,283.3333435058594,283.3333435058594,86244600,285.56913348588216,271.6851498039735,13.883983676092669,13.188691494137483,0.6952921819551854,56.56347535881757,320.08796256877343,272.44650039672854,224.80503822468364
2022-08-10,297.0666809082031,297.510009765625,283.3699951171875,294.3566589355469,294.3566589355469,94918800,286.92106047813826,273.3645208507567,13.55653962246032,13.262261119802051,0.29427850265826905,61.1305154505275,320.94284733578,275.31233367919924,229.68182002261847
2022-08-11,296.5133361816406,298.2366638183594,285.8333435058594,286.6300048828125,286.6300048828125,70155000,286.876282694242,274.34714929757564,12.529133392502217,13.115635574342084,-0.586502181839867,56.63548829542952,320.2796838918951,277.7281669616699,235.1766500314447
2022-08-12,289.4166564941406,300.1600036621094,285.0333251953125,300.0299987792969,300.0299987792969,79657200,288.89993132271195,276.249582592518,12.650348726670472,13.022578204807761,-0.3722294781372888,61.871724625495325,320.6070580866147,280.72633361816406,240.84560914971343
2022-08-15,301.78668212890625,313.1333312988281,301.2300109863281,309.32000732421875,309.32000732421875,89359200,292.0414814767899,278.69924368375507,13.342237790053446,13.086510121856898,0.25572766819654724,65.02484548209358,321.36463634277436,284.16500091552734,246.96536548828033
2022-08-16,311.6666564941406,314.6666564941406,302.8833312988281,306.5633239746094,306.5633239746094,88136400,294.27561109183904,280.76324963122573,13.512361458090595,13.171680389103638,0.3406810689869566,63.35067321676314,321.1042239658705,287.21666717529297,253.32911038471542
2022-08-17,303.39666748046875,309.6566772460937,300.0333251953125,303.9966735839844,303.9966735839844,68766000,295.7711591675537,282.48424399809676,13.28691516732232,13.194727344747374,0.09218782257494595,61.756383709474996,319.32082387751655,290.0415008544922,260.76217783146785
2022-08-18,306.0,306.5,301.85333251953125,302.8699951171875,302.8699951171875,47500500,296.8632877751897,283.9942996365479,12.868988136835526,13.129579503165004,-0.26059136632947855,61.030312017679876,320.11717141125774,291.59966735839845,263.08216330553915
2022-08-19,299.0,300.3599853515625,292.5,296.6666564941406,296.6666564941406,61395300,296.83303680887445,284.93299273711034,11.900044070235765,12.883672416579156,-0.9836283463433908,57.05302868807802,319.9774987934504,292.82083282470705,265.6641668559637
2022-08-22,291.913330078125,292.3999938964844,286.2966613769531,289.913330078125,289.913330078125,55843200,295.7684665426053,285.30190661422256,10.46655992708952,12.40024991868123,-1.9336899915917094,53.00334455461575,318.7063457633941,293.89483337402345,269.0833209846528
2022-08-23,291.4533386230469,298.82666015625,287.92333984375,296.4533386230469,296.4533386230469,63984900,295.87383147805787,286.1279386148762,9.745892862087373,11.869378507362459,-2.1234856452750854,56.242558440565325,314.6768717771765,295.77450103759764,276.8721302980188
2022-08-24,297.5633239746094,303.64666748046875,296.5,297.0966796875,297.0966796875,57259800,296.0619619718182,286.9404379535891,9.121524017303159,11.3198076093506,-2.1982835920474404,56.55974348039935,313.16311846939004,296.8883346557617,280.61355084213335
2022-08-25,302.3599853515625,302.9599914550781,291.6000061035156,296.07000732421875,296.07000732421875,53230000,296.06319971834137,287.6167023514135,8.446497366144342,10.745145560709348,-2.298648194565006,55.86381177701303,312.1924813761785,297.64683532714844,283.1011892781184
2022-08-26,297.42999267578125,302.0,287.4700012207031,288.0899963378906,288.0899963378906,57163900,294.83655304442584,287.6517611652266,7.1847918785362594,10.033074824274731,-2.8482829457384717,50.647391503286165,312.3256644013951,297.19383544921874,282.0620064970424
2022-08-29,282.8299865722656,287.739990234375,280.70001220703125,284.82000732421875,284.82000732421875,41864700,293.2955460105478,287.44200162144824,5.853544388538637,9.197168737127512,-3.3436243485888753,48.64296766526244,312.63467283947875,296.5710021972656,280.5073315550525
2022-08-30,287.8699951171875,288.4800109863281,272.6499938964844,277.70001220703125,277.70001220703125,50541800,290.8962331176991,286.72037277593586,4.175860341288626,8.192907057959735,-4.017046716671109,44.51220998521171,313.3375949904309,295.4266693115234,277.51574363261597
2022-08-31,280.6199951171875,281.25,271.8099975585937,275.6099853515625,275.6099853515625,52107300,288.54450269213964,285.89738111487117,2.64712157686688,7.083749961741164,-4.436628384874284,43.34851089883576,312.82631486351556,293.83733520507815,274.84835554664073
2022-09-01,272.5799865722656,277.5799865722656,266.1499938964844,277.1600036621094,277.1600036621094,54287000,286.7930413029042,285.25016797022215,1.5428733323422534,5.975574635861382,-4.432701303519129,44.507202347608136,311.30357487187695,292.2636688232422,273.22376277460745
2022-09-02,281.07000732421875,282.3500061035156,269.0799865722656,270.2099914550781,270.2099914550781,50890100,284.2418028647771,284.1360808209522,0.10572204353741199,4.801604117396588,-4.695882073859176,40.506681321057634,312.6544848040228,291.36566772460935,270.0768506451959
2022-09-06,272.67999267578125,275.989990234375,265.739990234375,274.4200134277344,274.4200134277344,55860000,282.7307583360013,283.41637212515826,-0.6856137894002359,3.704160536037223,-4.389774325437459,43.80195111576705,313.10227383509925,290.5655014038086,268.0287289725179
2022-09-07,273.1000061035156,283.8399963378906,272.2699890136719,283.70001220703125,283.70001220703125,50028900,282.87987431615977,283.4373825015933,-0.5575081856393922,2.8518267917018996,-3.4093349773412918,50.33241544679118,313.0976291430363,290.5838348388672,268.0700405346981
2022-09-08,281.29998779296875,289.5,279.760009765625,289.260009765625,289.260009765625,53713100,283.8614336160775,283.8686882248549,-0.007254608951598129,2.2800105115712,-2.287265120522798,53.79665271165239,312.7815041980923,290.3290023803711,267.8765005626499
2022-09-09,291.6700134277344,299.8500061035156,291.25,299.67999267578125,299.67999267578125,54338100,286.29505808680113,285.03989596196055,1.2551621246931859,2.075040834195597,-0.8198787095024112,59.498122579264866,313.72273092467225,290.9815017700195,268.2402726153668
2022-09-12,300.7200012207031,305.489990234375,300.3999938964844,304.4200134277344,304.4200134277344,48674600,289.083512754637,286.47546021868453,2.608052535827767,2.181643174522031,0.42640936130573603,61.806970969894046,314.36810073825603,291.2010025024414,268.03390426662673
2022-09-13,292.8999938964844,297.3999938964844,290.3999938964844,292.1300048828125,292.1300048828125,68229600,289.5522038512794,286.8943153789903,2.657888472183572,2.276892234054339,0.3809962381292329,53.31975874303989,311.9811054443532,290.3415023803711,268.70189931638896
2022-09-14,292.239990234375,306.0,291.6400146484375,302.6099853515625,302.6099853515625,72628700,291.56109331286143,288.0584390806623,3.502654232109819,2.522044633665435,0.9806095984443841,58.547042701330376,311.25283276363206,290.1438354492187,269.0348381348054
2022-09-15,301.8299865722656,309.1199951171875,300.7200012207031,303.75,303.75,64795500,293.4363097262674,289.2207769265392,4.215532799652578,2.8607422668628635,1.354790532789715,59.083793872103165,311.20837243480656,290.13150177001955,269.05463110523254
2022-09-16,299.6099853515625,303.7099914550781,295.6000061035156,303.3500061035156,303.3500061035156,87087800,294.96149378430556,290.2673864952041,4.694107289037504,3.2274152712977915,1.4666920177397125,58.79612438604875,311.2913510538095,290.15550231933594,269.0196535848624
2022-09-19,300.0899963378906,309.8399963378906,297.79998779296875,309.07000732421875,309.07000732421875,60231200,297.1320343289076,291.6601732232793,5.471861105574192,3.6763044381530716,1.79555666742112,61.670145991380295,313.3202555697569,290.77566986083986,268.2310841519228
2022-09-20,306.9100036621094,313.3299865722656,305.5799865722656,308.7300109863281,308.7300109863281,61642800,298.9163384300492,292.92460565017177,5.991732779831636,4.139390106488785,1.8523426733428519,61.396017005137246,315.5710761525214,291.71650390625,267.8619316599786
2022-09-21,308.2900085449219,313.79998779296875,300.6300048828125,300.79998779296875,300.79998779296875,62555700,299.20613063972917,293.50796729037893,5.698163349311471,4.451144755053322,1.247018594258149,55.22955028438348,316.0350002109131,291.93383636474607,267.83267251857905
2022-09-22,299.8599853515625,301.2900085449219,285.82000732421875,288.5899963378906,288.5899963378906,70545400,297.5728792086771,293.14367314575014,4.4292060628941385,4.446757016621485,-0.01755095372734683,47.34470470468097,315.5303198868917,291.5085021972656,267.48668450763955
2022-09-23,283.0899963378906,284.5,272.82000732421875,275.3299865722656,275.3299865722656,63748400,294.1508957261522,291.8241408069735,2.3267549191509715,4.022756597127382,-1.6960016779764109,40.570675142364,315.3900414111898,290.471501159668,265.55296090814613
2022-09-26,271.8299865722656,284.0899963378906,270.3099975585937,276.010009765625,276.010009765625,58076900,291.3599901937634,290.65272369279955,0.7072665009403636,3.3596585778899786,-2.652392076949615,41.03660732039476,315.5612174271994,289.8675018310547,264.17378623491004
2022-09-27,283.8399963378906,288.6700134277344,277.510009765625,282.94000244140625,282.94000244140625,61925200,290.0646074626315,290.0814110075112,-0.016803544899516965,2.6843661533320793,-2.7011696982315963,45.70805057360449,315.5540036446988,289.77350158691405,263.9929995291293
2022-09-28,283.0799865722656,289.0,277.57000732421875,287.8099975585937,287.8099975585937,54664800,289.7177444004718,289.91315815944324,-0.19541375898819524,2.1084101708680243,-2.3038239298562195,48.779163016872054,315.48275868474377,290.2790008544922,265.07524302424065
2022-09-29,282.760009765625,283.6499938964844,265.7799987792969,268.2099914550781,268.2099914550781,77620600,286.4088593319497,288.3055161813421,-1.896656849406611,1.3073967668130972,-3.204053616219708,39.17460699198522,316.1588400482888,289.909001159668,263.65916227104714
2022-09-30,266.1499938964844,275.57000732421875,262.4700012207031,265.25,265.25,67726600,283.15365020395745,286.59770016790935,-3.4440499639639484,0.3571074206576881,-3.8011573846216367,37.959044865466204,317.1835824261418,289.3135009765625,261.44341952698323
2022-10-03,254.5,255.16000366210935,241.00999450683597,242.3999938964844,242.3999938964844,98363500,276.8838569258847,283.32379599965566,-6.439939073781204,-1.0023018782300905,-5.437637195551114,30.175071143078796,321.6304794152778,287.9230010986328,254.21552278198783
2022-10-04,250.5200042724609,257.5,242.00999450683597,249.44000244140625,249.44000244140625,109578500,272.66172546673414,280.81388536571126,-8.152159898985758,-2.432273482381224,-5.719886416604534,34.62323772522882,323.95236138909377,286.6740005493164,249.39563970953907
2022-10-05,245.00999450683597,246.6699981689453,233.2700042724609,240.80999755859372,240.80999755859372,86982700,267.76145963471254,277.8506344170359,-10.089174782330701,-3.96365374237112,-6.125521039959581,31.937326593520837,326.84040959285886,284.52949981689454,242.21859004093022
2022-10-06,239.44000244140625,244.5800018310547,235.3500061035156,238.1300048828125,238.1300048828125,69298400,263.20277428826637,274.908365562649,-11.705591274388837,-5.512041248774663,-6.193550025614174,31.129708093275905,328.7723306922183,281.9729995727539,235.17366845328948
2022-10-07,233.94000244140625,234.57000732421875,222.0200042724609,223.07000732421875,223.07000732421875,83916800,257.02850244764363,271.06848717461713,-14.03998472697873,-7.217629944415476,-6.822354782563254,26.998118487985018,330.7038118650073,278.14250030517576,225.5811887453442
2022-10-10,223.92999267578125,226.9900054931641,218.3600006103516,222.9600067138672,222.9600067138672,67925000,251.78719541167803,267.50489602937637,-15.717700617702775,-8.917644079072936,-6.800056538629839,26.969962074106856,330.34786283267493,274.0694999694824,217.7911371062899
2022-10-11,220.9499969482422,225.75,215.0,216.5,216.5,77013200,246.3583961175737,263.7267555827559,-17.36835946518596,-10.60778715629554,-6.760572308890421,25.301152785457383,331.17862501345724,270.2879997253418,209.3973744372264
2022-10-12,215.3300018310547,219.3000030517578,211.50999450683597,217.2400054931641,217.2400054931641,66860700,241.87864371381838,260.2832926131565,-18.40464889934131,-12.167159504904694,-6.237489394436617,25.867032874339607,329.1753690331162,266.0195007324219,202.86363243172752
2022-10-13,208.3000030517578,222.9900054931641,206.22000122070312,221.72000122070312,221.72000122070312,91483000,238.77731409949294,257.4267525100118,-18.649438410521526,-13.46361528602806,-5.185823124493465,29.35612446243388,325.3935512851138,261.91800079345705,198.4424503018003
2022-10-14,224.00999450683597,226.25999450683597,204.16000366210935,204.9900054931641,204.9900054931641,94124500,233.5792666215962,253.54254902728235,-19.963282405688403,-14.76354870996013,-5.199733695728273,24.683954457118297,322.0940537170895,257.00000076293946,191.90594780878945
2022-10-17,210.0399932861328,221.8600006103516,209.4499969482422,219.3500061035156,219.3500061035156,79428800,231.39014961881455,251.0097680699663,-19.619618451153627,-15.734762658198829,-3.8848557929547987,34.34319484802182,314.9478556743459,252.5140007019043,190.0801457294627
2022-10-18,229.5,229.82000732421875,217.25,220.19000244140625,220.19000244140625,75891900,229.66705005305943,248.72682246785075,-19.059772414792917,-16.399764609517646,-2.6600078052752707,34.869391665964734,306.3666118539902,248.0870002746582,189.8073886953262
2022-10-19,219.8000030517578,222.92999267578125,217.77999877929688,222.0399932861328,222.0399932861328,66571500,228.4936567043015,246.75002030624202,-18.25636360194187,-16.77108440800249,-1.4852791939393803,36.084325749286776,298.1345473417828,244.1490005493164,190.16345375685
2022-10-20,208.27999877929688,215.5500030517578,202.0,207.27999877929688,207.27999877929688,117798100,225.23001702353156,243.8263150079498,-18.59629798441938,-17.136127123285867,-1.4601708611335127,31.099773949393445,292.28685633382776,240.08350067138673,187.8801450089457
2022-10-21,206.4199981689453,214.66000366210935,203.8000030517578,214.44000244140625,214.44000244140625,75713800,223.57001478012768,241.64955111413175,-18.07953633400504,-17.324808965429703,-0.7547273685753382,35.73721890074399,287.7457001087783,237.03900146484375,186.3323028209092
2022-10-24,205.82000732421875,213.5,198.58999633789065,211.25,211.25,100446800,221.67462789087728,239.39773251308495,-17.723104622208496,-17.40446809678546,-0.31863652542303456,34.61922878526143,282.36536363513324,233.8010009765625,185.2366383179918
2022-10-25,210.1000061035156,224.3500061035156,210.0,222.4199981689453,222.4199981689453,96507900,221.78930024134928,238.1401225616672,-16.350822320318628,-17.193738941492093,0.8429166211734653,41.51820539481961,273.9588839052741,230.77500076293944,187.5911176206048
2022-10-26,219.3999938964844,230.6000061035156,218.1999969482422,224.63999938964844,224.63999938964844,85012500,222.22786934108763,237.14011343781397,-14.912244096726965,-16.737439972539068,1.8251958758121027,42.80984310518986,261.9948770965162,227.6165008544922,193.2381246124682
2022-10-27,229.7700042724609,233.80999755859372,222.8500061035156,225.08999633789065,225.08999633789065,61638800,222.668196571365,236.24751217115298,-13.579315599788487,-16.105815097988952,2.526499498200465,43.08424906137287,254.3566905089272,225.46050109863282,196.56431168833845
2022-10-28,225.3999938964844,228.8600006103516,216.3500061035156,228.5200042724609,228.5200042724609,69152400,223.56847467922591,235.67510417865728,-12.10662949943179,-15.30597797827752,3.19934847884573,45.240990435469556,246.13466776049492,223.62400131225587,201.11333486401682
2022-10-31,226.19000244140625,229.8500061035156,221.94000244140625,227.5399932861328,227.5399932861328,61554300,224.17947754182697,235.0725033718036,-10.893025829976978,-14.423387548617411,3.5303617186404335,44.719575134597605,243.78749134788256,222.8810012817383,201.97451121559402
2022-11-01,234.0500030517578,237.3999938964844,227.27999877929688,227.82000732421875,227.82000732421875,62688800,224.7395590468103,234.53528144235287,-9.795722395542839,-13.497854518002496,3.7021321224596573,44.91492770708432,239.01074621095302,221.8000015258789,204.5892568408048
2022-11-02,226.0399932861328,227.8699951171875,214.82000732421875,214.97999572753903,214.97999572753903,63070300,223.23808776692243,233.08674175977407,-9.848653992851894,-12.768014412972375,2.9193604201204817,38.24144746017345,235.56055606663492,220.50850143432618,205.45644680201744
2022-11-03,211.3600006103516,221.1999969482422,210.13999938964844,215.30999755859372,215.30999755859372,56538800,222.01838158102572,231.76994589301998,-9.751564311994485,-12.164724392776797,2.413160080782312,38.49438428461386,232.1994234908628,219.36750106811525,206.53557864536768
2022-11-04,222.6000061035156,223.8000030517578,203.0800018310547,207.47000122070312,207.47000122070312,98622200,219.78016921789916,229.9699499913669,-10.189780773467902,-11.769735668915018,1.5799548954471163,34.84332611449273,232.29126014376945,218.58750076293944,204.88374138210943
2022-11-07,208.6499938964844,208.8999938964844,196.66000366210935,197.0800018310547,197.0800018310547,93916500,216.28783577376925,227.53365753504747,-11.245821761278364,-11.664952887387688,0.419131126109324,30.689102179592847,233.7186645984414,217.29350051879882,200.86833643915625
2022-11-08,194.0200042724609,195.1999969482422,186.75,191.3000030517578,191.3000030517578,128803400,212.4435538165367,224.84968312887787,-12.406129312341278,-11.813188172378407,-0.5929411399628712,28.643182956196604,235.99451442521132,216.03350067138672,196.07248691756212
2022-11-09,190.77999877929688,195.88999938964844,177.1199951171875,177.58999633789062,177.58999633789062,127062700,207.08146805059116,221.34896558880473,-14.26749753821366,-12.304050045545457,-1.9634474926682035,24.475206405408834,240.089631362959,214.05100021362304,188.01236906428707
2022-11-10,189.8999938964844,191.0,180.02999877929688,190.72000122070312,190.72000122070312,132703000,204.56431930753146,219.0801534133898,-14.515834105858431,-12.746406857608052,-1.7694272482503788,34.33069803396793,240.1687558082381,212.50100021362306,184.833244619008
2022-11-11,186.0,196.5200042724609,182.58999633789065,195.97000122070312,195.97000122070312,114403600,203.24211652494247,217.3682902880056,-14.126173763063179,-13.022360238699077,-1.1038135243641012,37.824415051784726,240.47644670153508,212.05,183.62355329846494
2022-11-14,192.7700042724609,195.72999572753903,186.33999633789065,190.9499969482422,190.9499969482422,92226600,201.3510212054501,215.41137967024534,-14.060358464795257,-13.229959883918314,-0.8303985808769436,35.8598635232849,240.26749732476893,210.62999954223633,180.99250175970374
2022-11-15,195.8800048828125,200.82000732421875,192.05999755859372,194.4199981689453,194.4199981689453,91293800,200.28470996906475,213.8564625220009,-13.571752552936175,-13.298318417721886,-0.2734341352142895,38.24743525271784,239.44157310635663,209.34149932861328,179.24142555086993
2022-11-16,191.50999450683597,192.57000732421875,185.66000366210935,186.9199981689453,186.9199981689453,66567600,198.22860046135406,211.861168866219,-13.63256840486497,-13.365168415150503,-0.2673999897144661,35.19773222853376,238.60121645868168,207.58549957275392,176.56978268682616
2022-11-17,183.9600067138672,186.16000366210935,180.8999938964844,183.1699981689453,183.1699981689453,64336000,195.9118924163681,209.73589696271725,-13.824004546349158,-13.456935641390235,-0.3670689049589235,33.74873543484084,239.1727799712673,206.37999954223633,173.58721911320538
2022-11-18,185.0500030517578,185.19000244140625,176.5500030517578,180.19000244140625,180.19000244140625,76048900,193.4931401125278,207.54731218336087,-14.054172070833062,-13.5763829272788,-0.4777891435542614,32.60020596677604,239.1323553166049,204.66749954223633,170.20264376786776
2022-11-21,175.85000610351562,176.77000427246094,167.5399932861328,167.8699951171875,167.8699951171875,92882700,189.55111780555237,204.60825165994063,-15.057133854388269,-13.872533112700694,-1.184600741687575,28.310631574591387,240.32908796968127,202.4984992980957,164.66791062651015
2022-11-22,168.6300048828125,170.9199981689453,166.19000244140625,169.91000366210938,169.91000366210938,78452300,186.52940793733038,202.03801106750868,-15.508603130178301,-14.199747116196216,-1.3088560139820853,29.954177349220174,239.07260709781323,199.8729995727539,160.6733920476946
2022-11-23,173.57000732421875,183.6199951171875,172.5,183.1999969482422,183.1999969482422,109536700,186.01719086208604,200.64260261422967,-14.625411752143634,-14.2848800433857,-0.3405317087579345,39.65956612376325,235.91075462455782,197.8009994506836,159.69124427680939
2022-11-25,185.05999755859372,185.1999969482422,180.6300048828125,182.8600006103516,182.8600006103516,50672700,185.53146928489613,199.32537283616463,-13.7939035512685,-14.18668474496226,0.39278119369376086,39.508746411550064,232.16179782425985,195.68949966430665,159.21720150435345
2022-11-28,179.9600067138672,188.5,179.0,182.9199981689453,182.9199981689453,92905200,185.12970449782676,198.1101598978521,-12.980455400025335,-13.945438875974876,0.9649834759495413,39.552431478729694,226.972552775424,193.40949935913085,159.8464459428377
2022-11-29,184.9900054931641,186.3800048828125,178.75,180.8300018310547,180.8300018310547,83357100,184.46821177986183,196.83014818920043,-12.361936409338597,-13.62873838264762,1.2668019733090237,38.509151196521415,221.12946434906732,191.07399978637696,161.0185352236866
2022-11-30,182.42999267578125,194.75999450683597,180.6300048828125,194.6999969482422,194.6999969482422,109186400,186.04233257499726,196.6723592083887,-10.630026633391452,-13.028996032796387,2.398969399404935,48.262404812123414,214.41674636209154,189.41799926757812,164.4192521730647
2022-12-01,197.0800018310547,198.9199981689453,191.8000030517578,194.6999969482422,194.6999969482422,80046200,187.37428094011187,196.5262583002297,-9.151977360117826,-12.253592298260674,3.1016149381428484,48.26240481212343,210.668799801253,188.40399932861328,166.13919885597358
2022-12-02,191.77999877929688,196.25,191.1100006103516,194.8600006103516,194.8600006103516,73645900,188.52593012014876,196.40283180468316,-7.876901684534403,-11.37825417551542,3.5013524909810165,48.37196370059475,206.2252984265901,187.38149948120116,168.53770053581223
2022-12-05,189.44000244140625,191.2700042724609,180.5500030517578,182.4499969482422,182.4499969482422,93122700,187.59117117062468,195.36928848198383,-7.7781173113591535,-10.658226802684165,2.880109491325012,41.10201761161956,202.65269995559842,186.13049926757813,169.60829857955784
2022-12-06,181.22000122070312,183.6499938964844,175.3300018310547,179.82000732421875,179.82000732421875,92150800,186.39560750194684,194.21748987770493,-7.8218823757580935,-10.090957917298951,2.2690755415408574,39.73894007670686,201.2045689688091,185.26749954223632,169.33043011566355
2022-12-07,175.02999877929688,179.3800048828125,172.22000122070312,174.0399932861328,174.0399932861328,84213300,184.494743776437,192.72286050055143,-8.228116724114443,-9.71838967866205,1.4902729545476063,36.846815966857044,200.80401923486207,184.40449905395508,168.0049788730481
2022-12-08,172.1999969482422,175.1999969482422,169.05999755859375,173.44000244140625,173.44000244140625,97624500,182.7940143402784,191.29450064431845,-8.500486304040038,-9.474809003737647,0.9743226996976091,36.549456354594724,201.03530644180444,184.19699935913087,167.3586922764573
2022-12-09,173.83999633789062,182.5,173.36000061035156,179.0500030517578,179.0500030517578,104872300,182.21801260358293,190.3875008226473,-8.169488219064363,-9.21374484680299,1.044256627738628,41.31804193899774,200.31544845007275,183.6134994506836,166.91155045129446
2022-12-12,176.10000610351562,177.3699951171875,167.52000427246094,167.82000732421875,167.82000732421875,109794500,180.00293486829614,188.71583463757852,-8.712899769282387,-9.11357583129887,0.4006760620164833,35.55723202100402,199.24657281916112,182.20599975585938,165.16542669255765
2022-12-13,174.8699951171875,175.0500030517578,156.91000366210938,160.9499969482422,160.9499969482422,175862700,177.0717136498263,186.6591059198499,-9.5873922700236,-9.208339119043817,-0.3790531509797823,32.565869948097195,199.5859670232343,180.70599975585938,161.82603248848446
2022-12-14,159.25,161.6199951171875,155.30999755859375,156.8000030517578,156.8000030517578,140682300,173.95298894243115,184.44732052221346,-10.494331579782312,-9.465537611191516,-1.0287939685907954,30.87606074002468,199.29412574780534,178.825,158.35587425219464
2022-12-15,153.44000244140625,160.92999267578125,153.27999877929688,157.6699981689453,157.6699981689453,122334500,171.44791343881795,182.4638151627121,-11.01590172389416,-9.775610433732044,-1.2402912901621157,31.676446720901115,199.42673588757998,177.3625,155.29826411242004
2022-12-16,159.63999938964844,160.99000549316406,150.0399932861328,150.22999572753906,150.22999572753906,139032200,168.1836184063135,180.07612483418077,-11.89250642786726,-10.198989632559087,-1.6935167953081738,28.62403702440221,200.54429804290243,175.7154998779297,150.88670171295695
2022-12-19,154.0,155.25,145.82000732421875,149.8699951171875,149.8699951171875,139390600,165.36613790029412,177.83863374403313,-12.472495843739011,-10.653690874795071,-1.8188049689439403,28.48102360139595,201.34484862542402,174.19949951171876,147.0541503980135
2022-12-20,146.0500030517578,148.47000122070312,137.66000366210938,137.8000030517578,137.8000030517578,159563300,161.1251940774424,174.87280924830904,-13.747615170866652,-11.272475734009387,-2.4751394368572655,24.128300159281455,204.07752437123352,172.69599990844728,141.31447544566103
2022-12-21,139.33999633789062,141.25999450683594,135.88999938964844,137.57000732421875,137.57000732421875,145417400,157.50131919233107,172.10963873541345,-14.608319543082388,-11.939644495823988,-2.6686750472584,24.052865701258845,206.00114263701596,171.07900009155273,136.1568575460895
2022-12-22,136.0,136.6300048828125,122.26000213623048,125.3499984741211,125.3499984741211,210090300,152.5549621587603,168.64596167902144,-16.090999520261136,-12.769915500711416,-3.321084019549719,20.40302404070555,207.87194361448744,168.18650016784667,128.5010567212059
2022-12-23,126.37000274658205,128.6199951171875,121.0199966430664,123.1500015258789,123.1500015258789,166989700,148.03112206139394,165.27589055656642,-17.24476849517248,-13.66488609960363,-3.57988239556885,19.819922236535074,208.81150927495105,165.20100021362305,121.59049115229504
2022-12-27,117.5,119.66999816894533,108.76000213623048,109.0999984741211,109.0999984741211,208643400,142.04171843258274,161.11471336527418,-19.072994932691444,-14.746507866221192,-4.326487066470252,16.564124896983774,210.64302861677697,161.51000022888184,112.37697184098668
2022-12-28,110.3499984741211,116.2699966430664,108.23999786376952,112.70999908447266,112.70999908447266,221070500,137.5291462251812,157.5291789741037,-20.000032748922507,-15.797212842761455,-4.202819906161052,20.19172081552659,210.72801229872906,158.10400009155273,105.47998788437641
